{"statuses":[{"metadata":{"iso_language_code":"en","result_type":"recent"},"created_at":"Wed Jan 14 11:51:35 +0000 2015","id":555331388065320960,"id_str":"555331388065320960","text":"20 Top Selling WordPress Themes on ThemeForest http:\/\/t.co\/2nH96JJgcY","source":"\u003ca href=\"http:\/\/www.rightrelevance.com\" rel=\"nofollow\"\u003eWordpress_RR\u003c\/a\u003e","truncated":false,"in_reply_to_status_id":null,"in_reply_to_status_id_str":null,"in_reply_to_user_id":null,"in_reply_to_user_id_str":null,"in_reply_to_screen_name":null,"user":{"id":2904719814,"id_str":"2904719814","name":"Wordpress","screen_name":"WordpRRess","location":"","profile_location":null,"description":"Live content curated by top Wordpress Influencers","url":"http:\/\/t.co\/9nJGvayv9F","entities":{"url":{"urls":[{"url":"http:\/\/t.co\/9nJGvayv9F","expanded_url":"http:\/\/bit.ly\/1F2hjCl","display_url":"bit.ly\/1F2hjCl","indices":[0,22]}]},"description":{"urls":[]}},"protected":false,"followers_count":1869,"friends_count":2043,"listed_count":25,"created_at":"Thu Nov 20 02:52:39 +0000 2014","favourites_count":0,"utc_offset":null,"time_zone":null,"geo_enabled":false,"verified":false,"statuses_count":1202,"lang":"en","contributors_enabled":false,"is_translator":false,"is_translation_enabled":false,"profile_background_color":"C0DEED","profile_background_image_url":"http:\/\/abs.twimg.com\/images\/themes\/theme1\/bg.png","profile_background_image_url_https":"https:\/\/abs.twimg.com\/images\/themes\/theme1\/bg.png","profile_background_tile":false,"profile_image_url":"http:\/\/pbs.twimg.com\/profile_images\/535264545028071424\/UvCqPXfB_normal.png","profile_image_url_https":"https:\/\/pbs.twimg.com\/profile_images\/535264545028071424\/UvCqPXfB_normal.png","profile_link_color":"0084B4","profile_sidebar_border_color":"C0DEED","profile_sidebar_fill_color":"DDEEF6","profile_text_color":"333333","profile_use_background_image":true,"default_profile":true,"default_profile_image":false,"following":false,"follow_request_sent":false,"notifications":false},"geo":null,"coordinates":null,"place":null,"contributors":null,"retweet_count":0,"favorite_count":0,"entities":{"hashtags":[],"symbols":[],"user_mentions":[],"urls":[{"url":"http:\/\/t.co\/2nH96JJgcY","expanded_url":"http:\/\/rightrelevance.com\/?q=tab_type=2&&searchType=feeds&start=0&rows=30&location=&isPerson=&articleId%3Db597dd23c4de0f86bbc2b6805dd344cdf5a01b0c%26value%3Dwordpress%26taccount%3DwordpRRess%26topic%3Dwordpress","display_url":"rightrelevance.com\/?q=tab_type=2&\u2026","indices":[47,69]}]},"favorited":false,"retweeted":false,"possibly_sensitive":false,"lang":"en"},{"metadata":{"iso_language_code":"en","result_type":"recent"},"created_at":"Wed Jan 14 11:50:02 +0000 2015","id":555330999295291393,"id_str":"555330999295291393","text":"RT @QueldoreiThemes: Your online store deserves only the best. Check out Shopper #Magento #Theme http:\/\/t.co\/f0YtzbcVdB","source":"\u003ca href=\"http:\/\/www.cult-f.net\" rel=\"nofollow\"\u003eCult-foo connect\u003c\/a\u003e","truncated":false,"in_reply_to_status_id":null,"in_reply_to_status_id_str":null,"in_reply_to_user_id":null,"in_reply_to_user_id_str":null,"in_reply_to_screen_name":null,"user":{"id":18361042,"id_str":"18361042","name":"Cult-foo","screen_name":"cultfoo","location":"","profile_location":null,"description":"Web development team.","url":"http:\/\/t.co\/J7nVSSIbij","entities":{"url":{"urls":[{"url":"http:\/\/t.co\/J7nVSSIbij","expanded_url":"http:\/\/www.cult-f.net\/","display_url":"cult-f.net","indices":[0,22]}]},"description":{"urls":[]}},"protected":false,"followers_count":10558,"friends_count":7613,"listed_count":474,"created_at":"Wed Dec 24 17:13:42 +0000 2008","favourites_count":1,"utc_offset":25200,"time_zone":"Bangkok","geo_enabled":false,"verified":false,"statuses_count":45343,"lang":"en","contributors_enabled":false,"is_translator":false,"is_translation_enabled":false,"profile_background_color":"586164","profile_background_image_url":"http:\/\/pbs.twimg.com\/profile_background_images\/37455849\/patt_4ab15e11a5753.jpg","profile_background_image_url_https":"https:\/\/pbs.twimg.com\/profile_background_images\/37455849\/patt_4ab15e11a5753.jpg","profile_background_tile":true,"profile_image_url":"http:\/\/pbs.twimg.com\/profile_images\/68524365\/cultfoo_normal.jpg","profile_image_url_https":"https:\/\/pbs.twimg.com\/profile_images\/68524365\/cultfoo_normal.jpg","profile_link_color":"6B9F33","profile_sidebar_border_color":"E8EFCB","profile_sidebar_fill_color":"E8EFCB","profile_text_color":"000000","profile_use_background_image":true,"default_profile":false,"default_profile_image":false,"following":false,"follow_request_sent":false,"notifications":false},"geo":null,"coordinates":null,"place":null,"contributors":null,"retweeted_status":{"metadata":{"iso_language_code":"en","result_type":"recent"},"created_at":"Wed Jan 14 11:50:01 +0000 2015","id":555330997298794496,"id_str":"555330997298794496","text":"Your online store deserves only the best. Check out Shopper #Magento #Theme http:\/\/t.co\/f0YtzbcVdB","source":"\u003ca href=\"http:\/\/queldorei.com\" rel=\"nofollow\"\u003eQueldorei Promo tweets\u003c\/a\u003e","truncated":false,"in_reply_to_status_id":null,"in_reply_to_status_id_str":null,"in_reply_to_user_id":null,"in_reply_to_user_id_str":null,"in_reply_to_screen_name":null,"user":{"id":783081632,"id_str":"783081632","name":"Quel'dorei","screen_name":"QueldoreiThemes","location":"","profile_location":null,"description":"Elune-Adore","url":"http:\/\/t.co\/JKzrtbsaxh","entities":{"url":{"urls":[{"url":"http:\/\/t.co\/JKzrtbsaxh","expanded_url":"http:\/\/queldorei.com","display_url":"queldorei.com","indices":[0,22]}]},"description":{"urls":[]}},"protected":false,"followers_count":1834,"friends_count":1486,"listed_count":25,"created_at":"Sun Aug 26 19:50:36 +0000 2012","favourites_count":0,"utc_offset":7200,"time_zone":"Athens","geo_enabled":false,"verified":false,"statuses_count":17540,"lang":"en","contributors_enabled":false,"is_translator":false,"is_translation_enabled":false,"profile_background_color":"322C29","profile_background_image_url":"http:\/\/pbs.twimg.com\/profile_background_images\/675592564\/c4f344a58f949bd25ee34b9f560c8d0d.jpeg","profile_background_image_url_https":"https:\/\/pbs.twimg.com\/profile_background_images\/675592564\/c4f344a58f949bd25ee34b9f560c8d0d.jpeg","profile_background_tile":false,"profile_image_url":"http:\/\/pbs.twimg.com\/profile_images\/2676333808\/b91601db32eae5e71a3db8a2d5ce92e6_normal.png","profile_image_url_https":"https:\/\/pbs.twimg.com\/profile_images\/2676333808\/b91601db32eae5e71a3db8a2d5ce92e6_normal.png","profile_banner_url":"https:\/\/pbs.twimg.com\/profile_banners\/783081632\/1349266278","profile_link_color":"F25553","profile_sidebar_border_color":"FFFFFF","profile_sidebar_fill_color":"DDEEF6","profile_text_color":"333333","profile_use_background_image":true,"default_profile":false,"default_profile_image":false,"following":false,"follow_request_sent":false,"notifications":false},"geo":null,"coordinates":null,"place":null,"contributors":null,"retweet_count":1,"favorite_count":0,"entities":{"hashtags":[{"text":"Magento","indices":[60,68]},{"text":"Theme","indices":[69,75]}],"symbols":[],"user_mentions":[],"urls":[{"url":"http:\/\/t.co\/f0YtzbcVdB","expanded_url":"http:\/\/bit.ly\/Q4k4iN","display_url":"bit.ly\/Q4k4iN","indices":[76,98]}]},"favorited":false,"retweeted":false,"possibly_sensitive":false,"lang":"en"},"retweet_count":1,"favorite_count":0,"entities":{"hashtags":[{"text":"Magento","indices":[81,89]},{"text":"Theme","indices":[90,96]}],"symbols":[],"user_mentions":[{"screen_name":"QueldoreiThemes","name":"Quel'dorei","id":783081632,"id_str":"783081632","indices":[3,19]}],"urls":[{"url":"http:\/\/t.co\/f0YtzbcVdB","expanded_url":"http:\/\/bit.ly\/Q4k4iN","display_url":"bit.ly\/Q4k4iN","indices":[97,119]}]},"favorited":false,"retweeted":false,"possibly_sensitive":false,"lang":"en"},{"metadata":{"iso_language_code":"en","result_type":"recent"},"created_at":"Wed Jan 14 11:50:01 +0000 2015","id":555330997298794496,"id_str":"555330997298794496","text":"Your online store deserves only the best. Check out Shopper #Magento #Theme http:\/\/t.co\/f0YtzbcVdB","source":"\u003ca href=\"http:\/\/queldorei.com\" rel=\"nofollow\"\u003eQueldorei Promo tweets\u003c\/a\u003e","truncated":false,"in_reply_to_status_id":null,"in_reply_to_status_id_str":null,"in_reply_to_user_id":null,"in_reply_to_user_id_str":null,"in_reply_to_screen_name":null,"user":{"id":783081632,"id_str":"783081632","name":"Quel'dorei","screen_name":"QueldoreiThemes","location":"","profile_location":null,"description":"Elune-Adore","url":"http:\/\/t.co\/JKzrtbsaxh","entities":{"url":{"urls":[{"url":"http:\/\/t.co\/JKzrtbsaxh","expanded_url":"http:\/\/queldorei.com","display_url":"queldorei.com","indices":[0,22]}]},"description":{"urls":[]}},"protected":false,"followers_count":1834,"friends_count":1486,"listed_count":25,"created_at":"Sun Aug 26 19:50:36 +0000 2012","favourites_count":0,"utc_offset":7200,"time_zone":"Athens","geo_enabled":false,"verified":false,"statuses_count":17540,"lang":"en","contributors_enabled":false,"is_translator":false,"is_translation_enabled":false,"profile_background_color":"322C29","profile_background_image_url":"http:\/\/pbs.twimg.com\/profile_background_images\/675592564\/c4f344a58f949bd25ee34b9f560c8d0d.jpeg","profile_background_image_url_https":"https:\/\/pbs.twimg.com\/profile_background_images\/675592564\/c4f344a58f949bd25ee34b9f560c8d0d.jpeg","profile_background_tile":false,"profile_image_url":"http:\/\/pbs.twimg.com\/profile_images\/2676333808\/b91601db32eae5e71a3db8a2d5ce92e6_normal.png","profile_image_url_https":"https:\/\/pbs.twimg.com\/profile_images\/2676333808\/b91601db32eae5e71a3db8a2d5ce92e6_normal.png","profile_banner_url":"https:\/\/pbs.twimg.com\/profile_banners\/783081632\/1349266278","profile_link_color":"F25553","profile_sidebar_border_color":"FFFFFF","profile_sidebar_fill_color":"DDEEF6","profile_text_color":"333333","profile_use_background_image":true,"default_profile":false,"default_profile_image":false,"following":false,"follow_request_sent":false,"notifications":false},"geo":null,"coordinates":null,"place":null,"contributors":null,"retweet_count":1,"favorite_count":0,"entities":{"hashtags":[{"text":"Magento","indices":[60,68]},{"text":"Theme","indices":[69,75]}],"symbols":[],"user_mentions":[],"urls":[{"url":"http:\/\/t.co\/f0YtzbcVdB","expanded_url":"http:\/\/bit.ly\/Q4k4iN","display_url":"bit.ly\/Q4k4iN","indices":[76,98]}]},"favorited":false,"retweeted":false,"possibly_sensitive":false,"lang":"en"},{"metadata":{"iso_language_code":"en","result_type":"recent"},"created_at":"Wed Jan 14 11:45:46 +0000 2015","id":555329924056498176,"id_str":"555329924056498176","text":"TheFox | Multi-Purpose PSD Template http:\/\/t.co\/V80faWseI0","source":"\u003ca href=\"http:\/\/www.facebook.com\/twitter\" rel=\"nofollow\"\u003eFacebook\u003c\/a\u003e","truncated":false,"in_reply_to_status_id":null,"in_reply_to_status_id_str":null,"in_reply_to_user_id":null,"in_reply_to_user_id_str":null,"in_reply_to_screen_name":null,"user":{"id":333553155,"id_str":"333553155","name":"Marcos Paulo Santos","screen_name":"marcosmppaulo","location":"","profile_location":null,"description":"","url":"https:\/\/t.co\/Xx4KizikaP","entities":{"url":{"urls":[{"url":"https:\/\/t.co\/Xx4KizikaP","expanded_url":"https:\/\/www.facebook.com\/marcospauloime","display_url":"facebook.com\/marcospauloime","indices":[0,23]}]},"description":{"urls":[]}},"protected":false,"followers_count":348,"friends_count":1632,"listed_count":1,"created_at":"Mon Jul 11 18:29:10 +0000 2011","favourites_count":73,"utc_offset":-14400,"time_zone":"Atlantic Time (Canada)","geo_enabled":true,"verified":false,"statuses_count":2369,"lang":"pt","contributors_enabled":false,"is_translator":false,"is_translation_enabled":false,"profile_background_color":"1A1B1F","profile_background_image_url":"http:\/\/pbs.twimg.com\/profile_background_images\/515186226161123328\/2484l4bf.jpeg","profile_background_image_url_https":"https:\/\/pbs.twimg.com\/profile_background_images\/515186226161123328\/2484l4bf.jpeg","profile_background_tile":true,"profile_image_url":"http:\/\/pbs.twimg.com\/profile_images\/515183784879075328\/a7Ny8BPX_normal.jpeg","profile_image_url_https":"https:\/\/pbs.twimg.com\/profile_images\/515183784879075328\/a7Ny8BPX_normal.jpeg","profile_banner_url":"https:\/\/pbs.twimg.com\/profile_banners\/333553155\/1352042430","profile_link_color":"3B94D9","profile_sidebar_border_color":"FFFFFF","profile_sidebar_fill_color":"252429","profile_text_color":"666666","profile_use_background_image":true,"default_profile":false,"default_profile_image":false,"following":false,"follow_request_sent":false,"notifications":false},"geo":null,"coordinates":null,"place":null,"contributors":null,"retweet_count":0,"favorite_count":0,"entities":{"hashtags":[],"symbols":[],"user_mentions":[],"urls":[{"url":"http:\/\/t.co\/V80faWseI0","expanded_url":"http:\/\/fb.me\/74b21P0pT","display_url":"fb.me\/74b21P0pT","indices":[36,58]}]},"favorited":false,"retweeted":false,"possibly_sensitive":false,"lang":"en"},{"metadata":{"iso_language_code":"en","result_type":"recent"},"created_at":"Wed Jan 14 11:45:39 +0000 2015","id":555329896785145856,"id_str":"555329896785145856","text":"RT MayaGuernon: Check out 'Signature \u2013 Responsive CV \/ #Resume #WordPress #Theme' on #EnvatoMarket by CodexCoder... http:\/\/t.co\/P7JkwLsB0n","source":"\u003ca href=\"http:\/\/ifttt.com\" rel=\"nofollow\"\u003eIFTTT\u003c\/a\u003e","truncated":false,"in_reply_to_status_id":null,"in_reply_to_status_id_str":null,"in_reply_to_user_id":null,"in_reply_to_user_id_str":null,"in_reply_to_screen_name":null,"user":{"id":2801062518,"id_str":"2801062518","name":"resumebot","screen_name":"ResumeBOTio","location":"Jacksonville. FL ","profile_location":null,"description":"Feed me your r\u00e9sum\u00e9 and see it parsed. http:\/\/t.co\/2tXDg4nk0c","url":"https:\/\/t.co\/af07hjUhtW","entities":{"url":{"urls":[{"url":"https:\/\/t.co\/af07hjUhtW","expanded_url":"https:\/\/www.resumebot.io\/","display_url":"resumebot.io","indices":[0,23]}]},"description":{"urls":[{"url":"http:\/\/t.co\/2tXDg4nk0c","expanded_url":"http:\/\/bit.ly\/1rWHQQB","display_url":"bit.ly\/1rWHQQB","indices":[39,61]}]}},"protected":false,"followers_count":344,"friends_count":85,"listed_count":61,"created_at":"Wed Sep 10 04:34:49 +0000 2014","favourites_count":7,"utc_offset":null,"time_zone":null,"geo_enabled":false,"verified":false,"statuses_count":68891,"lang":"en","contributors_enabled":false,"is_translator":false,"is_translation_enabled":false,"profile_background_color":"5B6481","profile_background_image_url":"http:\/\/abs.twimg.com\/images\/themes\/theme1\/bg.png","profile_background_image_url_https":"https:\/\/abs.twimg.com\/images\/themes\/theme1\/bg.png","profile_background_tile":false,"profile_image_url":"http:\/\/pbs.twimg.com\/profile_images\/509562823584653312\/NZDajAD6_normal.jpeg","profile_image_url_https":"https:\/\/pbs.twimg.com\/profile_images\/509562823584653312\/NZDajAD6_normal.jpeg","profile_banner_url":"https:\/\/pbs.twimg.com\/profile_banners\/2801062518\/1410324907","profile_link_color":"5B6481","profile_sidebar_border_color":"000000","profile_sidebar_fill_color":"000000","profile_text_color":"000000","profile_use_background_image":false,"default_profile":false,"default_profile_image":false,"following":false,"follow_request_sent":false,"notifications":false},"geo":null,"coordinates":null,"place":null,"contributors":null,"retweet_count":0,"favorite_count":0,"entities":{"hashtags":[{"text":"Resume","indices":[55,62]},{"text":"WordPress","indices":[63,73]},{"text":"Theme","indices":[74,80]},{"text":"EnvatoMarket","indices":[85,98]}],"symbols":[],"user_mentions":[],"urls":[{"url":"http:\/\/t.co\/P7JkwLsB0n","expanded_url":"http:\/\/ift.tt\/14ZEou4","display_url":"ift.tt\/14ZEou4","indices":[116,138]}]},"favorited":false,"retweeted":false,"possibly_sensitive":false,"lang":"en"},{"metadata":{"iso_language_code":"en","result_type":"recent"},"created_at":"Wed Jan 14 11:45:38 +0000 2015","id":555329894008487937,"id_str":"555329894008487937","text":"RT DokukinaAlena: Check out 'Signature \u2013 Responsive CV \/ #Resume #WordPress #Theme' on #EnvatoMarket by CodexCod... http:\/\/t.co\/P7JkwLsB0n","source":"\u003ca href=\"http:\/\/ifttt.com\" rel=\"nofollow\"\u003eIFTTT\u003c\/a\u003e","truncated":false,"in_reply_to_status_id":null,"in_reply_to_status_id_str":null,"in_reply_to_user_id":null,"in_reply_to_user_id_str":null,"in_reply_to_screen_name":null,"user":{"id":2801062518,"id_str":"2801062518","name":"resumebot","screen_name":"ResumeBOTio","location":"Jacksonville. FL ","profile_location":null,"description":"Feed me your r\u00e9sum\u00e9 and see it parsed. http:\/\/t.co\/2tXDg4nk0c","url":"https:\/\/t.co\/af07hjUhtW","entities":{"url":{"urls":[{"url":"https:\/\/t.co\/af07hjUhtW","expanded_url":"https:\/\/www.resumebot.io\/","display_url":"resumebot.io","indices":[0,23]}]},"description":{"urls":[{"url":"http:\/\/t.co\/2tXDg4nk0c","expanded_url":"http:\/\/bit.ly\/1rWHQQB","display_url":"bit.ly\/1rWHQQB","indices":[39,61]}]}},"protected":false,"followers_count":344,"friends_count":85,"listed_count":61,"created_at":"Wed Sep 10 04:34:49 +0000 2014","favourites_count":7,"utc_offset":null,"time_zone":null,"geo_enabled":false,"verified":false,"statuses_count":68891,"lang":"en","contributors_enabled":false,"is_translator":false,"is_translation_enabled":false,"profile_background_color":"5B6481","profile_background_image_url":"http:\/\/abs.twimg.com\/images\/themes\/theme1\/bg.png","profile_background_image_url_https":"https:\/\/abs.twimg.com\/images\/themes\/theme1\/bg.png","profile_background_tile":false,"profile_image_url":"http:\/\/pbs.twimg.com\/profile_images\/509562823584653312\/NZDajAD6_normal.jpeg","profile_image_url_https":"https:\/\/pbs.twimg.com\/profile_images\/509562823584653312\/NZDajAD6_normal.jpeg","profile_banner_url":"https:\/\/pbs.twimg.com\/profile_banners\/2801062518\/1410324907","profile_link_color":"5B6481","profile_sidebar_border_color":"000000","profile_sidebar_fill_color":"000000","profile_text_color":"000000","profile_use_background_image":false,"default_profile":false,"default_profile_image":false,"following":false,"follow_request_sent":false,"notifications":false},"geo":null,"coordinates":null,"place":null,"contributors":null,"retweet_count":0,"favorite_count":0,"entities":{"hashtags":[{"text":"Resume","indices":[57,64]},{"text":"WordPress","indices":[65,75]},{"text":"Theme","indices":[76,82]},{"text":"EnvatoMarket","indices":[87,100]}],"symbols":[],"user_mentions":[],"urls":[{"url":"http:\/\/t.co\/P7JkwLsB0n","expanded_url":"http:\/\/ift.tt\/14ZEou4","display_url":"ift.tt\/14ZEou4","indices":[116,138]}]},"favorited":false,"retweeted":false,"possibly_sensitive":false,"lang":"en"},{"metadata":{"iso_language_code":"en","result_type":"recent"},"created_at":"Wed Jan 14 11:45:34 +0000 2015","id":555329875532611584,"id_str":"555329875532611584","text":"RT renzobarby141: Check out 'Signature \u2013 Responsive CV \/ #Resume #WordPress #Theme' on #EnvatoMarket by CodexCod... http:\/\/t.co\/P7JkwLsB0n","source":"\u003ca href=\"http:\/\/ifttt.com\" rel=\"nofollow\"\u003eIFTTT\u003c\/a\u003e","truncated":false,"in_reply_to_status_id":null,"in_reply_to_status_id_str":null,"in_reply_to_user_id":null,"in_reply_to_user_id_str":null,"in_reply_to_screen_name":null,"user":{"id":2801062518,"id_str":"2801062518","name":"resumebot","screen_name":"ResumeBOTio","location":"Jacksonville. FL ","profile_location":null,"description":"Feed me your r\u00e9sum\u00e9 and see it parsed. http:\/\/t.co\/2tXDg4nk0c","url":"https:\/\/t.co\/af07hjUhtW","entities":{"url":{"urls":[{"url":"https:\/\/t.co\/af07hjUhtW","expanded_url":"https:\/\/www.resumebot.io\/","display_url":"resumebot.io","indices":[0,23]}]},"description":{"urls":[{"url":"http:\/\/t.co\/2tXDg4nk0c","expanded_url":"http:\/\/bit.ly\/1rWHQQB","display_url":"bit.ly\/1rWHQQB","indices":[39,61]}]}},"protected":false,"followers_count":344,"friends_count":85,"listed_count":61,"created_at":"Wed Sep 10 04:34:49 +0000 2014","favourites_count":7,"utc_offset":null,"time_zone":null,"geo_enabled":false,"verified":false,"statuses_count":68891,"lang":"en","contributors_enabled":false,"is_translator":false,"is_translation_enabled":false,"profile_background_color":"5B6481","profile_background_image_url":"http:\/\/abs.twimg.com\/images\/themes\/theme1\/bg.png","profile_background_image_url_https":"https:\/\/abs.twimg.com\/images\/themes\/theme1\/bg.png","profile_background_tile":false,"profile_image_url":"http:\/\/pbs.twimg.com\/profile_images\/509562823584653312\/NZDajAD6_normal.jpeg","profile_image_url_https":"https:\/\/pbs.twimg.com\/profile_images\/509562823584653312\/NZDajAD6_normal.jpeg","profile_banner_url":"https:\/\/pbs.twimg.com\/profile_banners\/2801062518\/1410324907","profile_link_color":"5B6481","profile_sidebar_border_color":"000000","profile_sidebar_fill_color":"000000","profile_text_color":"000000","profile_use_background_image":false,"default_profile":false,"default_profile_image":false,"following":false,"follow_request_sent":false,"notifications":false},"geo":null,"coordinates":null,"place":null,"contributors":null,"retweet_count":0,"favorite_count":0,"entities":{"hashtags":[{"text":"Resume","indices":[57,64]},{"text":"WordPress","indices":[65,75]},{"text":"Theme","indices":[76,82]},{"text":"EnvatoMarket","indices":[87,100]}],"symbols":[],"user_mentions":[],"urls":[{"url":"http:\/\/t.co\/P7JkwLsB0n","expanded_url":"http:\/\/ift.tt\/14ZEou4","display_url":"ift.tt\/14ZEou4","indices":[116,138]}]},"favorited":false,"retweeted":false,"possibly_sensitive":false,"lang":"en"},{"metadata":{"iso_language_code":"en","result_type":"recent"},"created_at":"Wed Jan 14 11:44:03 +0000 2015","id":555329495465725952,"id_str":"555329495465725952","text":"RT @zesky: I'm happy to announce my new #Responsive, Highly Customizable #WordPress Theme - CrossRoad - http:\/\/t.co\/2ORDruAmZo","source":"\u003ca href=\"http:\/\/www.blaccspot.com\" rel=\"nofollow\"\u003eWordPress Digest App\u003c\/a\u003e","truncated":false,"in_reply_to_status_id":null,"in_reply_to_status_id_str":null,"in_reply_to_user_id":null,"in_reply_to_user_id_str":null,"in_reply_to_screen_name":null,"user":{"id":2542723250,"id_str":"2542723250","name":"WordPress Digest","screen_name":"wp_digest","location":"Atlanta, Ga","profile_location":null,"description":"All things WordPress brought to you by the team @blaccspotmedia.","url":"http:\/\/t.co\/BA7z8gqs5p","entities":{"url":{"urls":[{"url":"http:\/\/t.co\/BA7z8gqs5p","expanded_url":"http:\/\/www.blaccspot.com","display_url":"blaccspot.com","indices":[0,22]}]},"description":{"urls":[]}},"protected":false,"followers_count":6968,"friends_count":6281,"listed_count":460,"created_at":"Tue Jun 03 04:00:45 +0000 2014","favourites_count":0,"utc_offset":null,"time_zone":null,"geo_enabled":false,"verified":false,"statuses_count":534472,"lang":"en","contributors_enabled":false,"is_translator":false,"is_translation_enabled":false,"profile_background_color":"C0DEED","profile_background_image_url":"http:\/\/abs.twimg.com\/images\/themes\/theme1\/bg.png","profile_background_image_url_https":"https:\/\/abs.twimg.com\/images\/themes\/theme1\/bg.png","profile_background_tile":false,"profile_image_url":"http:\/\/pbs.twimg.com\/profile_images\/473679277053853696\/xU--F2Ox_normal.png","profile_image_url_https":"https:\/\/pbs.twimg.com\/profile_images\/473679277053853696\/xU--F2Ox_normal.png","profile_link_color":"AD102A","profile_sidebar_border_color":"C0DEED","profile_sidebar_fill_color":"DDEEF6","profile_text_color":"333333","profile_use_background_image":true,"default_profile":false,"default_profile_image":false,"following":false,"follow_request_sent":false,"notifications":false},"geo":null,"coordinates":null,"place":null,"contributors":null,"retweeted_status":{"metadata":{"iso_language_code":"en","result_type":"recent"},"created_at":"Wed Jan 14 11:40:02 +0000 2015","id":555328483635642368,"id_str":"555328483635642368","text":"I'm happy to announce my new #Responsive, Highly Customizable #WordPress Theme - CrossRoad - http:\/\/t.co\/2ORDruAmZo","source":"\u003ca href=\"http:\/\/color-theme.com\/\" rel=\"nofollow\"\u003ect_tweet_autoposting\u003c\/a\u003e","truncated":false,"in_reply_to_status_id":null,"in_reply_to_status_id_str":null,"in_reply_to_user_id":null,"in_reply_to_user_id_str":null,"in_reply_to_screen_name":null,"user":{"id":15396396,"id_str":"15396396","name":"Sergiy","screen_name":"zesky","location":"Europe","profile_location":null,"description":"My name is Serge and I am Web Designer and Developer. I love all #design and #webdesign styles. Also I create a #Responsive #WordPress themes and #HTML5 #CSS3.","url":"http:\/\/t.co\/9uRFAykvgI","entities":{"url":{"urls":[{"url":"http:\/\/t.co\/9uRFAykvgI","expanded_url":"http:\/\/themeforest.net\/user\/zerge\/portfolio?ref=zerge","display_url":"themeforest.net\/user\/zerge\/por\u2026","indices":[0,22]}]},"description":{"urls":[]}},"protected":false,"followers_count":2495,"friends_count":2514,"listed_count":154,"created_at":"Fri Jul 11 20:37:35 +0000 2008","favourites_count":179,"utc_offset":7200,"time_zone":"Kyiv","geo_enabled":true,"verified":false,"statuses_count":65200,"lang":"en","contributors_enabled":false,"is_translator":false,"is_translation_enabled":false,"profile_background_color":"352726","profile_background_image_url":"http:\/\/pbs.twimg.com\/profile_background_images\/60286208\/_wallcoo.com__2560x1600_Widescreen_Beach_wallpaper_1EP009_2.JPG","profile_background_image_url_https":"https:\/\/pbs.twimg.com\/profile_background_images\/60286208\/_wallcoo.com__2560x1600_Widescreen_Beach_wallpaper_1EP009_2.JPG","profile_background_tile":false,"profile_image_url":"http:\/\/pbs.twimg.com\/profile_images\/1635731746\/caricature_150_normal.jpg","profile_image_url_https":"https:\/\/pbs.twimg.com\/profile_images\/1635731746\/caricature_150_normal.jpg","profile_banner_url":"https:\/\/pbs.twimg.com\/profile_banners\/15396396\/1398956823","profile_link_color":"D02B55","profile_sidebar_border_color":"829D5E","profile_sidebar_fill_color":"99CC33","profile_text_color":"3E4415","profile_use_background_image":true,"default_profile":false,"default_profile_image":false,"following":false,"follow_request_sent":false,"notifications":false},"geo":null,"coordinates":null,"place":null,"contributors":null,"retweet_count":1,"favorite_count":0,"entities":{"hashtags":[{"text":"Responsive","indices":[29,40]},{"text":"WordPress","indices":[62,72]}],"symbols":[],"user_mentions":[],"urls":[{"url":"http:\/\/t.co\/2ORDruAmZo","expanded_url":"http:\/\/themeforest.net\/item\/crossroad-responsive-wordpress-magazine-blog\/3265556?ref=zerge","display_url":"themeforest.net\/item\/crossroad\u2026","indices":[93,115]}]},"favorited":false,"retweeted":false,"possibly_sensitive":false,"lang":"en"},"retweet_count":1,"favorite_count":0,"entities":{"hashtags":[{"text":"Responsive","indices":[40,51]},{"text":"WordPress","indices":[73,83]}],"symbols":[],"user_mentions":[{"screen_name":"zesky","name":"Sergiy","id":15396396,"id_str":"15396396","indices":[3,9]}],"urls":[{"url":"http:\/\/t.co\/2ORDruAmZo","expanded_url":"http:\/\/themeforest.net\/item\/crossroad-responsive-wordpress-magazine-blog\/3265556?ref=zerge","display_url":"themeforest.net\/item\/crossroad\u2026","indices":[104,126]}]},"favorited":false,"retweeted":false,"possibly_sensitive":false,"lang":"en"},{"metadata":{"iso_language_code":"en","result_type":"recent"},"created_at":"Wed Jan 14 11:42:04 +0000 2015","id":555328996561268736,"id_str":"555328996561268736","text":"#ecommerce Eclipse - Responsive Multipurpose OpenCart Theme (Shopping) http:\/\/t.co\/gcrSA3Xil6 #templates #themes","source":"\u003ca href=\"http:\/\/dlvr.it\" rel=\"nofollow\"\u003edlvr.it\u003c\/a\u003e","truncated":false,"in_reply_to_status_id":null,"in_reply_to_status_id_str":null,"in_reply_to_user_id":null,"in_reply_to_user_id_str":null,"in_reply_to_screen_name":null,"user":{"id":2828329033,"id_str":"2828329033","name":"Themeforest News","screen_name":"ThemeforestNews","location":"","profile_location":null,"description":"Follow us to stay updated on the latest Wordpress \/ HTML Themes and Templates and useful resources for web design.","url":"http:\/\/t.co\/anql2N5zxH","entities":{"url":{"urls":[{"url":"http:\/\/t.co\/anql2N5zxH","expanded_url":"http:\/\/bit.ly\/1mKgET9","display_url":"bit.ly\/1mKgET9","indices":[0,22]}]},"description":{"urls":[]}},"protected":false,"followers_count":800,"friends_count":1315,"listed_count":19,"created_at":"Tue Sep 23 16:00:00 +0000 2014","favourites_count":0,"utc_offset":null,"time_zone":null,"geo_enabled":false,"verified":false,"statuses_count":1167,"lang":"it","contributors_enabled":false,"is_translator":false,"is_translation_enabled":false,"profile_background_color":"FFFFFF","profile_background_image_url":"http:\/\/abs.twimg.com\/images\/themes\/theme1\/bg.png","profile_background_image_url_https":"https:\/\/abs.twimg.com\/images\/themes\/theme1\/bg.png","profile_background_tile":false,"profile_image_url":"http:\/\/pbs.twimg.com\/profile_images\/514449338580217857\/CfQQolfC_normal.png","profile_image_url_https":"https:\/\/pbs.twimg.com\/profile_images\/514449338580217857\/CfQQolfC_normal.png","profile_link_color":"000000","profile_sidebar_border_color":"000000","profile_sidebar_fill_color":"DDEEF6","profile_text_color":"333333","profile_use_background_image":false,"default_profile":false,"default_profile_image":false,"following":false,"follow_request_sent":false,"notifications":false},"geo":null,"coordinates":null,"place":null,"contributors":null,"retweet_count":0,"favorite_count":0,"entities":{"hashtags":[{"text":"ecommerce","indices":[0,10]},{"text":"templates","indices":[94,104]},{"text":"themes","indices":[105,112]}],"symbols":[],"user_mentions":[],"urls":[{"url":"http:\/\/t.co\/gcrSA3Xil6","expanded_url":"http:\/\/dlvr.it\/85y1pq","display_url":"dlvr.it\/85y1pq","indices":[71,93]}]},"favorited":false,"retweeted":false,"possibly_sensitive":false,"lang":"en"},{"metadata":{"iso_language_code":"en","result_type":"recent"},"created_at":"Wed Jan 14 11:40:02 +0000 2015","id":555328483635642368,"id_str":"555328483635642368","text":"I'm happy to announce my new #Responsive, Highly Customizable #WordPress Theme - CrossRoad - http:\/\/t.co\/2ORDruAmZo","source":"\u003ca href=\"http:\/\/color-theme.com\/\" rel=\"nofollow\"\u003ect_tweet_autoposting\u003c\/a\u003e","truncated":false,"in_reply_to_status_id":null,"in_reply_to_status_id_str":null,"in_reply_to_user_id":null,"in_reply_to_user_id_str":null,"in_reply_to_screen_name":null,"user":{"id":15396396,"id_str":"15396396","name":"Sergiy","screen_name":"zesky","location":"Europe","profile_location":null,"description":"My name is Serge and I am Web Designer and Developer. I love all #design and #webdesign styles. Also I create a #Responsive #WordPress themes and #HTML5 #CSS3.","url":"http:\/\/t.co\/9uRFAykvgI","entities":{"url":{"urls":[{"url":"http:\/\/t.co\/9uRFAykvgI","expanded_url":"http:\/\/themeforest.net\/user\/zerge\/portfolio?ref=zerge","display_url":"themeforest.net\/user\/zerge\/por\u2026","indices":[0,22]}]},"description":{"urls":[]}},"protected":false,"followers_count":2495,"friends_count":2514,"listed_count":154,"created_at":"Fri Jul 11 20:37:35 +0000 2008","favourites_count":179,"utc_offset":7200,"time_zone":"Kyiv","geo_enabled":true,"verified":false,"statuses_count":65200,"lang":"en","contributors_enabled":false,"is_translator":false,"is_translation_enabled":false,"profile_background_color":"352726","profile_background_image_url":"http:\/\/pbs.twimg.com\/profile_background_images\/60286208\/_wallcoo.com__2560x1600_Widescreen_Beach_wallpaper_1EP009_2.JPG","profile_background_image_url_https":"https:\/\/pbs.twimg.com\/profile_background_images\/60286208\/_wallcoo.com__2560x1600_Widescreen_Beach_wallpaper_1EP009_2.JPG","profile_background_tile":false,"profile_image_url":"http:\/\/pbs.twimg.com\/profile_images\/1635731746\/caricature_150_normal.jpg","profile_image_url_https":"https:\/\/pbs.twimg.com\/profile_images\/1635731746\/caricature_150_normal.jpg","profile_banner_url":"https:\/\/pbs.twimg.com\/profile_banners\/15396396\/1398956823","profile_link_color":"D02B55","profile_sidebar_border_color":"829D5E","profile_sidebar_fill_color":"99CC33","profile_text_color":"3E4415","profile_use_background_image":true,"default_profile":false,"default_profile_image":false,"following":false,"follow_request_sent":false,"notifications":false},"geo":null,"coordinates":null,"place":null,"contributors":null,"retweet_count":1,"favorite_count":0,"entities":{"hashtags":[{"text":"Responsive","indices":[29,40]},{"text":"WordPress","indices":[62,72]}],"symbols":[],"user_mentions":[],"urls":[{"url":"http:\/\/t.co\/2ORDruAmZo","expanded_url":"http:\/\/themeforest.net\/item\/crossroad-responsive-wordpress-magazine-blog\/3265556?ref=zerge","display_url":"themeforest.net\/item\/crossroad\u2026","indices":[93,115]}]},"favorited":false,"retweeted":false,"possibly_sensitive":false,"lang":"en"},{"metadata":{"iso_language_code":"en","result_type":"recent"},"created_at":"Wed Jan 14 11:35:55 +0000 2015","id":555327447928152064,"id_str":"555327447928152064","text":"Check out 'Signature \u2013 Responsive CV \/ #Resume #WordPress #Theme' on #EnvatoMarket by @CodexCoder #themeforest http:\/\/t.co\/RkjYIeRzw1","source":"\u003ca href=\"http:\/\/twitter.com\" rel=\"nofollow\"\u003eTwitter Web Client\u003c\/a\u003e","truncated":false,"in_reply_to_status_id":null,"in_reply_to_status_id_str":null,"in_reply_to_user_id":null,"in_reply_to_user_id_str":null,"in_reply_to_screen_name":null,"user":{"id":2937893884,"id_str":"2937893884","name":"Maya Guernon","screen_name":"MayaGuernon","location":"","profile_location":null,"description":"","url":null,"entities":{"description":{"urls":[]}},"protected":false,"followers_count":32,"friends_count":45,"listed_count":2,"created_at":"Tue Dec 23 03:03:34 +0000 2014","favourites_count":0,"utc_offset":null,"time_zone":null,"geo_enabled":false,"verified":false,"statuses_count":1968,"lang":"en","contributors_enabled":false,"is_translator":false,"is_translation_enabled":false,"profile_background_color":"C0DEED","profile_background_image_url":"http:\/\/abs.twimg.com\/images\/themes\/theme1\/bg.png","profile_background_image_url_https":"https:\/\/abs.twimg.com\/images\/themes\/theme1\/bg.png","profile_background_tile":false,"profile_image_url":"http:\/\/abs.twimg.com\/sticky\/default_profile_images\/default_profile_2_normal.png","profile_image_url_https":"https:\/\/abs.twimg.com\/sticky\/default_profile_images\/default_profile_2_normal.png","profile_link_color":"0084B4","profile_sidebar_border_color":"C0DEED","profile_sidebar_fill_color":"DDEEF6","profile_text_color":"333333","profile_use_background_image":true,"default_profile":true,"default_profile_image":true,"following":false,"follow_request_sent":false,"notifications":false},"geo":null,"coordinates":null,"place":null,"contributors":null,"retweet_count":0,"favorite_count":0,"entities":{"hashtags":[{"text":"Resume","indices":[39,46]},{"text":"WordPress","indices":[47,57]},{"text":"Theme","indices":[58,64]},{"text":"EnvatoMarket","indices":[69,82]},{"text":"themeforest","indices":[98,110]}],"symbols":[],"user_mentions":[{"screen_name":"CodexCoder","name":"CodexCoder","id":1899563898,"id_str":"1899563898","indices":[86,97]}],"urls":[{"url":"http:\/\/t.co\/RkjYIeRzw1","expanded_url":"http:\/\/themeforest.net\/item\/signature-responsive-cv-resume-wordpress-theme\/9976530?ref=TReview","display_url":"themeforest.net\/item\/signature\u2026","indices":[111,133]}]},"favorited":false,"retweeted":false,"possibly_sensitive":false,"lang":"en"},{"metadata":{"iso_language_code":"en","result_type":"recent"},"created_at":"Wed Jan 14 11:34:50 +0000 2015","id":555327174916726784,"id_str":"555327174916726784","text":"Check out The Best PSD 'TheFox | Multi-Purpose PSD Template' on #EnvatoMarket by @tranmautritam #themeforest http:\/\/t.co\/OXhpLAZ8c7","source":"\u003ca href=\"http:\/\/twitter.com\" rel=\"nofollow\"\u003eTwitter Web Client\u003c\/a\u003e","truncated":false,"in_reply_to_status_id":null,"in_reply_to_status_id_str":null,"in_reply_to_user_id":null,"in_reply_to_user_id_str":null,"in_reply_to_screen_name":null,"user":{"id":260682711,"id_str":"260682711","name":"Alberto Cara","screen_name":"creativoalberto","location":"C\u00f3rdoba (Espa\u00f1a)","profile_location":null,"description":"Director creativo de Cara P\u00fablica, Agencia de #publicidad especializada en dise\u00f1o de imagen corporativa.","url":"http:\/\/t.co\/8Cxtf2cYIA","entities":{"url":{"urls":[{"url":"http:\/\/t.co\/8Cxtf2cYIA","expanded_url":"http:\/\/www.carapublica.es","display_url":"carapublica.es","indices":[0,22]}]},"description":{"urls":[]}},"protected":false,"followers_count":270,"friends_count":567,"listed_count":21,"created_at":"Fri Mar 04 11:12:34 +0000 2011","favourites_count":19,"utc_offset":3600,"time_zone":"Madrid","geo_enabled":true,"verified":false,"statuses_count":460,"lang":"es","contributors_enabled":false,"is_translator":false,"is_translation_enabled":false,"profile_background_color":"C0DEED","profile_background_image_url":"http:\/\/abs.twimg.com\/images\/themes\/theme1\/bg.png","profile_background_image_url_https":"https:\/\/abs.twimg.com\/images\/themes\/theme1\/bg.png","profile_background_tile":false,"profile_image_url":"http:\/\/pbs.twimg.com\/profile_images\/3414716954\/68bcd56a3c26d43abc97e81a1bf7f47c_normal.jpeg","profile_image_url_https":"https:\/\/pbs.twimg.com\/profile_images\/3414716954\/68bcd56a3c26d43abc97e81a1bf7f47c_normal.jpeg","profile_banner_url":"https:\/\/pbs.twimg.com\/profile_banners\/260682711\/1369999712","profile_link_color":"0084B4","profile_sidebar_border_color":"C0DEED","profile_sidebar_fill_color":"DDEEF6","profile_text_color":"333333","profile_use_background_image":true,"default_profile":true,"default_profile_image":false,"following":false,"follow_request_sent":false,"notifications":false},"geo":null,"coordinates":null,"place":null,"contributors":null,"retweet_count":0,"favorite_count":1,"entities":{"hashtags":[{"text":"EnvatoMarket","indices":[64,77]},{"text":"themeforest","indices":[96,108]}],"symbols":[],"user_mentions":[{"screen_name":"tranmautritam","name":"tranmautritam","id":588083665,"id_str":"588083665","indices":[81,95]}],"urls":[{"url":"http:\/\/t.co\/OXhpLAZ8c7","expanded_url":"http:\/\/goo.gl\/TaHq9L","display_url":"goo.gl\/TaHq9L","indices":[109,131]}]},"favorited":false,"retweeted":false,"possibly_sensitive":false,"lang":"en"},{"metadata":{"iso_language_code":"en","result_type":"recent"},"created_at":"Wed Jan 14 11:32:18 +0000 2015","id":555326537894211584,"id_str":"555326537894211584","text":"Check out 'Signature \u2013 Responsive CV \/ #Resume #WordPress #Theme' on #EnvatoMarket by @CodexCoder #themeforest http:\/\/t.co\/wpN7u6GjNj","source":"\u003ca href=\"http:\/\/twitter.com\" rel=\"nofollow\"\u003eTwitter Web Client\u003c\/a\u003e","truncated":false,"in_reply_to_status_id":null,"in_reply_to_status_id_str":null,"in_reply_to_user_id":null,"in_reply_to_user_id_str":null,"in_reply_to_screen_name":null,"user":{"id":2948663189,"id_str":"2948663189","name":"\u0410\u043b\u0435\u043d\u0430 \u0414\u043e\u043a\u0443\u043a\u0438\u043d\u0430","screen_name":"DokukinaAlena","location":"","profile_location":null,"description":"","url":null,"entities":{"description":{"urls":[]}},"protected":false,"followers_count":47,"friends_count":1710,"listed_count":5,"created_at":"Mon Dec 29 06:51:34 +0000 2014","favourites_count":646,"utc_offset":null,"time_zone":null,"geo_enabled":false,"verified":false,"statuses_count":3062,"lang":"ru","contributors_enabled":false,"is_translator":false,"is_translation_enabled":false,"profile_background_color":"C0DEED","profile_background_image_url":"http:\/\/abs.twimg.com\/images\/themes\/theme1\/bg.png","profile_background_image_url_https":"https:\/\/abs.twimg.com\/images\/themes\/theme1\/bg.png","profile_background_tile":false,"profile_image_url":"http:\/\/pbs.twimg.com\/profile_images\/549458191562444801\/SkDMyieq_normal.png","profile_image_url_https":"https:\/\/pbs.twimg.com\/profile_images\/549458191562444801\/SkDMyieq_normal.png","profile_link_color":"0084B4","profile_sidebar_border_color":"C0DEED","profile_sidebar_fill_color":"DDEEF6","profile_text_color":"333333","profile_use_background_image":true,"default_profile":true,"default_profile_image":false,"following":false,"follow_request_sent":false,"notifications":false},"geo":null,"coordinates":null,"place":null,"contributors":null,"retweet_count":0,"favorite_count":1,"entities":{"hashtags":[{"text":"Resume","indices":[39,46]},{"text":"WordPress","indices":[47,57]},{"text":"Theme","indices":[58,64]},{"text":"EnvatoMarket","indices":[69,82]},{"text":"themeforest","indices":[98,110]}],"symbols":[],"user_mentions":[{"screen_name":"CodexCoder","name":"CodexCoder","id":1899563898,"id_str":"1899563898","indices":[86,97]}],"urls":[{"url":"http:\/\/t.co\/wpN7u6GjNj","expanded_url":"http:\/\/themeforest.net\/item\/signature-responsive-cv-resume-wordpress-theme\/9976530?ref=TReview","display_url":"themeforest.net\/item\/signature\u2026","indices":[111,133]}]},"favorited":false,"retweeted":false,"possibly_sensitive":false,"lang":"en"},{"metadata":{"iso_language_code":"en","result_type":"recent"},"created_at":"Wed Jan 14 11:30:03 +0000 2015","id":555325970455216128,"id_str":"555325970455216128","text":"Check out this great #themeforest item 'BUILDER - Responsive Multi-Purpose Theme' http:\/\/t.co\/kBdPXPfBB9 #wordpress #theme #php #html5 #css3","source":"\u003ca href=\"http:\/\/html.orange-idea.com\" rel=\"nofollow\"\u003eOrange_Idea_RU\u003c\/a\u003e","truncated":false,"in_reply_to_status_id":null,"in_reply_to_status_id_str":null,"in_reply_to_user_id":null,"in_reply_to_user_id_str":null,"in_reply_to_screen_name":null,"user":{"id":344004206,"id_str":"344004206","name":"Alex","screen_name":"Orange_Idea_RU","location":"","profile_location":null,"description":"Check out my portfolio (HTML templates and WP themes) on ThemeForest http:\/\/t.co\/MQtDorlH73","url":null,"entities":{"description":{"urls":[{"url":"http:\/\/t.co\/MQtDorlH73","expanded_url":"http:\/\/bit.ly\/w3Q0Sb","display_url":"bit.ly\/w3Q0Sb","indices":[69,91]}]}},"protected":false,"followers_count":1463,"friends_count":1193,"listed_count":43,"created_at":"Thu Jul 28 11:59:29 +0000 2011","favourites_count":2,"utc_offset":14400,"time_zone":"Moscow","geo_enabled":false,"verified":false,"statuses_count":133575,"lang":"ru","contributors_enabled":false,"is_translator":false,"is_translation_enabled":false,"profile_background_color":"EAEAEA","profile_background_image_url":"http:\/\/pbs.twimg.com\/profile_background_images\/360422214\/BG1.jpg","profile_background_image_url_https":"https:\/\/pbs.twimg.com\/profile_background_images\/360422214\/BG1.jpg","profile_background_tile":false,"profile_image_url":"http:\/\/pbs.twimg.com\/profile_images\/1481230006\/orangeidea1111_normal.png","profile_image_url_https":"https:\/\/pbs.twimg.com\/profile_images\/1481230006\/orangeidea1111_normal.png","profile_banner_url":"https:\/\/pbs.twimg.com\/profile_banners\/344004206\/1405019844","profile_link_color":"0099FF","profile_sidebar_border_color":"E1E1E1","profile_sidebar_fill_color":"F9F9F9","profile_text_color":"333333","profile_use_background_image":true,"default_profile":false,"default_profile_image":false,"following":false,"follow_request_sent":false,"notifications":false},"geo":null,"coordinates":null,"place":null,"contributors":null,"retweet_count":0,"favorite_count":1,"entities":{"hashtags":[{"text":"themeforest","indices":[21,33]},{"text":"wordpress","indices":[105,115]},{"text":"theme","indices":[116,122]},{"text":"php","indices":[123,127]},{"text":"html5","indices":[128,134]},{"text":"css3","indices":[135,140]}],"symbols":[],"user_mentions":[],"urls":[{"url":"http:\/\/t.co\/kBdPXPfBB9","expanded_url":"http:\/\/bit.ly\/1vzMP9P","display_url":"bit.ly\/1vzMP9P","indices":[82,104]}]},"favorited":false,"retweeted":false,"possibly_sensitive":false,"lang":"en"},{"metadata":{"iso_language_code":"en","result_type":"recent"},"created_at":"Wed Jan 14 11:27:10 +0000 2015","id":555325245922758656,"id_str":"555325245922758656","text":"Check out 'Signature \u2013 Responsive CV \/ #Resume #WordPress #Theme' on #EnvatoMarket by @CodexCoder #themeforest http:\/\/t.co\/xWAdWq4d83","source":"\u003ca href=\"http:\/\/twitter.com\" rel=\"nofollow\"\u003eTwitter Web Client\u003c\/a\u003e","truncated":false,"in_reply_to_status_id":null,"in_reply_to_status_id_str":null,"in_reply_to_user_id":null,"in_reply_to_user_id_str":null,"in_reply_to_screen_name":null,"user":{"id":2860556235,"id_str":"2860556235","name":"Renzo","screen_name":"renzobarby141","location":"","profile_location":null,"description":"","url":null,"entities":{"description":{"urls":[]}},"protected":false,"followers_count":222,"friends_count":2002,"listed_count":25,"created_at":"Tue Nov 04 12:55:12 +0000 2014","favourites_count":2,"utc_offset":null,"time_zone":null,"geo_enabled":false,"verified":false,"statuses_count":16255,"lang":"it","contributors_enabled":false,"is_translator":false,"is_translation_enabled":false,"profile_background_color":"C0DEED","profile_background_image_url":"http:\/\/abs.twimg.com\/images\/themes\/theme1\/bg.png","profile_background_image_url_https":"https:\/\/abs.twimg.com\/images\/themes\/theme1\/bg.png","profile_background_tile":false,"profile_image_url":"http:\/\/abs.twimg.com\/sticky\/default_profile_images\/default_profile_5_normal.png","profile_image_url_https":"https:\/\/abs.twimg.com\/sticky\/default_profile_images\/default_profile_5_normal.png","profile_link_color":"0084B4","profile_sidebar_border_color":"C0DEED","profile_sidebar_fill_color":"DDEEF6","profile_text_color":"333333","profile_use_background_image":true,"default_profile":true,"default_profile_image":true,"following":false,"follow_request_sent":false,"notifications":false},"geo":null,"coordinates":null,"place":null,"contributors":null,"retweet_count":0,"favorite_count":2,"entities":{"hashtags":[{"text":"Resume","indices":[39,46]},{"text":"WordPress","indices":[47,57]},{"text":"Theme","indices":[58,64]},{"text":"EnvatoMarket","indices":[69,82]},{"text":"themeforest","indices":[98,110]}],"symbols":[],"user_mentions":[{"screen_name":"CodexCoder","name":"CodexCoder","id":1899563898,"id_str":"1899563898","indices":[86,97]}],"urls":[{"url":"http:\/\/t.co\/xWAdWq4d83","expanded_url":"http:\/\/themeforest.net\/item\/signature-responsive-cv-resume-wordpress-theme\/9976530?ref=TReview","display_url":"themeforest.net\/item\/signature\u2026","indices":[111,133]}]},"favorited":false,"retweeted":false,"possibly_sensitive":false,"lang":"en"}],"search_metadata":{"completed_in":0.018,"max_id":555331388065320960,"max_id_str":"555331388065320960","next_results":"?max_id=555325245922758655&q=themeforest&include_entities=1","query":"themeforest","refresh_url":"?since_id=555331388065320960&q=themeforest&include_entities=1","count":15,"since_id":0,"since_id_str":"0"}}