[{"created_at":"Tue Jan 06 01:34:37 +0000 2015","id":552277021502754818,"id_str":"552277021502754818","text":"Please checkout our latest Magento theme Porto, http:\/\/t.co\/lAt6mk04mX\nPorto has everything for your needs, best and best features!","source":"\u003ca href=\"http:\/\/twitter.com\" rel=\"nofollow\"\u003eTwitter Web Client\u003c\/a\u003e","truncated":false,"in_reply_to_status_id":null,"in_reply_to_status_id_str":null,"in_reply_to_user_id":null,"in_reply_to_user_id_str":null,"in_reply_to_screen_name":null,"user":{"id":1635661681,"id_str":"1635661681","name":"Wordpress & Magento","screen_name":"eternalfriend38","location":"","profile_location":null,"description":"We are a web company specializes ecommerce products, follow us to get our activities.","url":"http:\/\/t.co\/UcEQyGGrX1","entities":{"url":{"urls":[{"url":"http:\/\/t.co\/UcEQyGGrX1","expanded_url":"http:\/\/www.newsmartwave.net","display_url":"newsmartwave.net","indices":[0,22]}]},"description":{"urls":[]}},"protected":false,"followers_count":121913,"friends_count":480,"listed_count":30,"created_at":"Wed Jul 31 14:38:08 +0000 2013","favourites_count":6680,"utc_offset":28800,"time_zone":"Beijing","geo_enabled":true,"verified":false,"statuses_count":41,"lang":"en","contributors_enabled":false,"is_translator":false,"is_translation_enabled":false,"profile_background_color":"C0DEED","profile_background_image_url":"http:\/\/abs.twimg.com\/images\/themes\/theme1\/bg.png","profile_background_image_url_https":"https:\/\/abs.twimg.com\/images\/themes\/theme1\/bg.png","profile_background_tile":false,"profile_image_url":"http:\/\/pbs.twimg.com\/profile_images\/378800000658487252\/cf2265ca0d37b690dcd25536882a2f58_normal.jpeg","profile_image_url_https":"https:\/\/pbs.twimg.com\/profile_images\/378800000658487252\/cf2265ca0d37b690dcd25536882a2f58_normal.jpeg","profile_link_color":"0084B4","profile_sidebar_border_color":"C0DEED","profile_sidebar_fill_color":"DDEEF6","profile_text_color":"333333","profile_use_background_image":true,"default_profile":true,"default_profile_image":false,"following":false,"follow_request_sent":false,"notifications":false},"geo":null,"coordinates":null,"place":null,"contributors":null,"retweet_count":0,"favorite_count":0,"entities":{"hashtags":[],"symbols":[],"user_mentions":[],"urls":[{"url":"http:\/\/t.co\/lAt6mk04mX","expanded_url":"http:\/\/goo.gl\/DTT3Ym","display_url":"goo.gl\/DTT3Ym","indices":[48,70]}]},"favorited":false,"retweeted":false,"possibly_sensitive":false,"lang":"en"},{"created_at":"Sun Jan 04 04:31:35 +0000 2015","id":551596783374049280,"id_str":"551596783374049280","text":"Checkout our new year's gift, purchase all Magento, Woocommerce themes for only $99! http:\/\/t.co\/O1xaDfsmYJ","source":"\u003ca href=\"http:\/\/twitter.com\" rel=\"nofollow\"\u003eTwitter Web Client\u003c\/a\u003e","truncated":false,"in_reply_to_status_id":null,"in_reply_to_status_id_str":null,"in_reply_to_user_id":null,"in_reply_to_user_id_str":null,"in_reply_to_screen_name":null,"user":{"id":1635661681,"id_str":"1635661681","name":"Wordpress & Magento","screen_name":"eternalfriend38","location":"","profile_location":null,"description":"We are a web company specializes ecommerce products, follow us to get our activities.","url":"http:\/\/t.co\/UcEQyGGrX1","entities":{"url":{"urls":[{"url":"http:\/\/t.co\/UcEQyGGrX1","expanded_url":"http:\/\/www.newsmartwave.net","display_url":"newsmartwave.net","indices":[0,22]}]},"description":{"urls":[]}},"protected":false,"followers_count":121913,"friends_count":480,"listed_count":30,"created_at":"Wed Jul 31 14:38:08 +0000 2013","favourites_count":6680,"utc_offset":28800,"time_zone":"Beijing","geo_enabled":true,"verified":false,"statuses_count":41,"lang":"en","contributors_enabled":false,"is_translator":false,"is_translation_enabled":false,"profile_background_color":"C0DEED","profile_background_image_url":"http:\/\/abs.twimg.com\/images\/themes\/theme1\/bg.png","profile_background_image_url_https":"https:\/\/abs.twimg.com\/images\/themes\/theme1\/bg.png","profile_background_tile":false,"profile_image_url":"http:\/\/pbs.twimg.com\/profile_images\/378800000658487252\/cf2265ca0d37b690dcd25536882a2f58_normal.jpeg","profile_image_url_https":"https:\/\/pbs.twimg.com\/profile_images\/378800000658487252\/cf2265ca0d37b690dcd25536882a2f58_normal.jpeg","profile_link_color":"0084B4","profile_sidebar_border_color":"C0DEED","profile_sidebar_fill_color":"DDEEF6","profile_text_color":"333333","profile_use_background_image":true,"default_profile":true,"default_profile_image":false,"following":false,"follow_request_sent":false,"notifications":false},"geo":null,"coordinates":null,"place":null,"contributors":null,"retweet_count":0,"favorite_count":0,"entities":{"hashtags":[],"symbols":[],"user_mentions":[],"urls":[{"url":"http:\/\/t.co\/O1xaDfsmYJ","expanded_url":"http:\/\/newsmartwave.net","display_url":"newsmartwave.net","indices":[85,107]}]},"favorited":false,"retweeted":false,"possibly_sensitive":false,"lang":"en"}]