[{"created_at":"Sun Oct 26 10:45:46 +0000 2014","id":526323798484992001,"id_str":"526323798484992001","text":"@BoranCoskun denemek i\u00e7in 2 kere oynad\u0131m okadar","source":"\u003ca href=\"http:\/\/twitter.com\/download\/android\" rel=\"nofollow\"\u003eTwitter for Android\u003c\/a\u003e","truncated":false,"in_reply_to_status_id":526314051505496064,"in_reply_to_status_id_str":"526314051505496064","in_reply_to_user_id":1028038298,"in_reply_to_user_id_str":"1028038298","in_reply_to_screen_name":"BoranCoskun","user":{"id":39688781,"id_str":"39688781","name":"Kaan Kural","screen_name":"kaankural","location":"Istanbul\/Turkey","description":"D-Smart (yorumcu), http:\/\/t.co\/IcvDqSSEOO (yazar)","url":"http:\/\/t.co\/8rW7EXds4y","entities":{"url":{"urls":[{"url":"http:\/\/t.co\/8rW7EXds4y","expanded_url":"http:\/\/www.yazihaneden.com","display_url":"yazihaneden.com","indices":[0,22]}]},"description":{"urls":[{"url":"http:\/\/t.co\/IcvDqSSEOO","expanded_url":"http:\/\/yazihaneden.com","display_url":"yazihaneden.com","indices":[19,41]}]}},"protected":false,"followers_count":134953,"friends_count":288,"listed_count":828,"created_at":"Wed May 13 04:36:49 +0000 2009","favourites_count":15,"utc_offset":7200,"time_zone":"Istanbul","geo_enabled":true,"verified":false,"statuses_count":15512,"lang":"en","contributors_enabled":false,"is_translator":false,"is_translation_enabled":true,"profile_background_color":"C0DEED","profile_background_image_url":"http:\/\/pbs.twimg.com\/profile_background_images\/469254123\/illroots.tumblr.jpeg","profile_background_image_url_https":"https:\/\/pbs.twimg.com\/profile_background_images\/469254123\/illroots.tumblr.jpeg","profile_background_tile":true,"profile_image_url":"http:\/\/pbs.twimg.com\/profile_images\/419640574656802817\/yYlNgR8a_normal.jpeg","profile_image_url_https":"https:\/\/pbs.twimg.com\/profile_images\/419640574656802817\/yYlNgR8a_normal.jpeg","profile_banner_url":"https:\/\/pbs.twimg.com\/profile_banners\/39688781\/1398287459","profile_link_color":"0C00B3","profile_sidebar_border_color":"C0DEED","profile_sidebar_fill_color":"DDEEF6","profile_text_color":"333333","profile_use_background_image":true,"default_profile":false,"default_profile_image":false,"following":false,"follow_request_sent":false,"notifications":false},"geo":null,"coordinates":null,"place":null,"contributors":null,"retweet_count":0,"favorite_count":1,"entities":{"hashtags":[],"symbols":[],"urls":[],"user_mentions":[{"screen_name":"BoranCoskun","name":"Boran Co\u015fkun","id":1028038298,"id_str":"1028038298","indices":[0,12]}]},"favorited":false,"retweeted":false,"lang":"tr"},{"created_at":"Sun Oct 26 10:45:20 +0000 2014","id":526323686987816960,"id_str":"526323686987816960","text":"@RiotHaswan eyvallah abi","source":"\u003ca href=\"http:\/\/twitter.com\/download\/android\" rel=\"nofollow\"\u003eTwitter for Android\u003c\/a\u003e","truncated":false,"in_reply_to_status_id":526313155950309376,"in_reply_to_status_id_str":"526313155950309376","in_reply_to_user_id":221725191,"in_reply_to_user_id_str":"221725191","in_reply_to_screen_name":"RiotHaswan","user":{"id":39688781,"id_str":"39688781","name":"Kaan Kural","screen_name":"kaankural","location":"Istanbul\/Turkey","description":"D-Smart (yorumcu), http:\/\/t.co\/IcvDqSSEOO (yazar)","url":"http:\/\/t.co\/8rW7EXds4y","entities":{"url":{"urls":[{"url":"http:\/\/t.co\/8rW7EXds4y","expanded_url":"http:\/\/www.yazihaneden.com","display_url":"yazihaneden.com","indices":[0,22]}]},"description":{"urls":[{"url":"http:\/\/t.co\/IcvDqSSEOO","expanded_url":"http:\/\/yazihaneden.com","display_url":"yazihaneden.com","indices":[19,41]}]}},"protected":false,"followers_count":134953,"friends_count":288,"listed_count":828,"created_at":"Wed May 13 04:36:49 +0000 2009","favourites_count":15,"utc_offset":7200,"time_zone":"Istanbul","geo_enabled":true,"verified":false,"statuses_count":15512,"lang":"en","contributors_enabled":false,"is_translator":false,"is_translation_enabled":true,"profile_background_color":"C0DEED","profile_background_image_url":"http:\/\/pbs.twimg.com\/profile_background_images\/469254123\/illroots.tumblr.jpeg","profile_background_image_url_https":"https:\/\/pbs.twimg.com\/profile_background_images\/469254123\/illroots.tumblr.jpeg","profile_background_tile":true,"profile_image_url":"http:\/\/pbs.twimg.com\/profile_images\/419640574656802817\/yYlNgR8a_normal.jpeg","profile_image_url_https":"https:\/\/pbs.twimg.com\/profile_images\/419640574656802817\/yYlNgR8a_normal.jpeg","profile_banner_url":"https:\/\/pbs.twimg.com\/profile_banners\/39688781\/1398287459","profile_link_color":"0C00B3","profile_sidebar_border_color":"C0DEED","profile_sidebar_fill_color":"DDEEF6","profile_text_color":"333333","profile_use_background_image":true,"default_profile":false,"default_profile_image":false,"following":false,"follow_request_sent":false,"notifications":false},"geo":null,"coordinates":null,"place":null,"contributors":null,"retweet_count":0,"favorite_count":0,"entities":{"hashtags":[],"symbols":[],"urls":[],"user_mentions":[{"screen_name":"RiotHaswan","name":"Hasan Colakoglu","id":221725191,"id_str":"221725191","indices":[0,11]}]},"favorited":false,"retweeted":false,"lang":"tr"}]