{"statuses":[{"metadata":{"iso_language_code":"en","result_type":"recent"},"created_at":"Wed Jan 07 00:55:01 +0000 2015","id":552629445610455040,"id_str":"552629445610455040","text":"RT @WP_Ezine: Pearl - Responsive Business #WordPress #Theme http:\/\/t.co\/TkRnEHEVue","source":"\u003ca href=\"http:\/\/tweetadder.com\" rel=\"nofollow\"\u003eTweetAdder v4\u003c\/a\u003e","truncated":false,"in_reply_to_status_id":null,"in_reply_to_status_id_str":null,"in_reply_to_user_id":null,"in_reply_to_user_id_str":null,"in_reply_to_screen_name":null,"user":{"id":322759941,"id_str":"322759941","name":"WordPress Extrem","screen_name":"WP_Extreme","location":"","profile_location":null,"description":"We tweet about WordPress","url":null,"entities":{"description":{"urls":[]}},"protected":false,"followers_count":1810,"friends_count":1793,"listed_count":30,"created_at":"Thu Jun 23 18:05:34 +0000 2011","favourites_count":0,"utc_offset":7200,"time_zone":"Athens","geo_enabled":false,"verified":false,"statuses_count":3838,"lang":"de","contributors_enabled":false,"is_translator":false,"is_translation_enabled":false,"profile_background_color":"FFFFFF","profile_background_image_url":"http:\/\/abs.twimg.com\/images\/themes\/theme1\/bg.png","profile_background_image_url_https":"https:\/\/abs.twimg.com\/images\/themes\/theme1\/bg.png","profile_background_tile":false,"profile_image_url":"http:\/\/pbs.twimg.com\/profile_images\/480783675416518656\/Wi-HMt5M_normal.png","profile_image_url_https":"https:\/\/pbs.twimg.com\/profile_images\/480783675416518656\/Wi-HMt5M_normal.png","profile_banner_url":"https:\/\/pbs.twimg.com\/profile_banners\/322759941\/1403458665","profile_link_color":"8C5400","profile_sidebar_border_color":"000000","profile_sidebar_fill_color":"FFFFFF","profile_text_color":"333333","profile_use_background_image":false,"default_profile":false,"default_profile_image":false,"following":false,"follow_request_sent":false,"notifications":false},"geo":null,"coordinates":null,"place":null,"contributors":null,"retweeted_status":{"metadata":{"iso_language_code":"en","result_type":"recent"},"created_at":"Tue Jan 06 23:55:05 +0000 2015","id":552614361140043777,"id_str":"552614361140043777","text":"Pearl - Responsive Business #WordPress #Theme http:\/\/t.co\/TkRnEHEVue","source":"\u003ca href=\"http:\/\/tweetadder.com\" rel=\"nofollow\"\u003eTweetAdder v4\u003c\/a\u003e","truncated":false,"in_reply_to_status_id":null,"in_reply_to_status_id_str":null,"in_reply_to_user_id":null,"in_reply_to_user_id_str":null,"in_reply_to_screen_name":null,"user":{"id":1726879866,"id_str":"1726879866","name":"WP Ezine","screen_name":"WP_Ezine","location":"World","profile_location":null,"description":"All about #WordPress - #Plugins, #Themes, #Hacks, #Tips - Impressum unter http:\/\/t.co\/frJXBMuRtB","url":"http:\/\/t.co\/4EyUrESHli","entities":{"url":{"urls":[{"url":"http:\/\/t.co\/4EyUrESHli","expanded_url":"http:\/\/wp-ezine.com\/","display_url":"wp-ezine.com","indices":[0,22]}]},"description":{"urls":[{"url":"http:\/\/t.co\/frJXBMuRtB","expanded_url":"http:\/\/news-software.de\/impressum","display_url":"news-software.de\/impressum","indices":[74,96]}]}},"protected":false,"followers_count":3450,"friends_count":3739,"listed_count":55,"created_at":"Tue Sep 03 23:16:32 +0000 2013","favourites_count":4,"utc_offset":null,"time_zone":null,"geo_enabled":false,"verified":false,"statuses_count":7420,"lang":"de","contributors_enabled":false,"is_translator":false,"is_translation_enabled":false,"profile_background_color":"002F61","profile_background_image_url":"http:\/\/abs.twimg.com\/images\/themes\/theme1\/bg.png","profile_background_image_url_https":"https:\/\/abs.twimg.com\/images\/themes\/theme1\/bg.png","profile_background_tile":false,"profile_image_url":"http:\/\/pbs.twimg.com\/profile_images\/552521636570607616\/RanUE73B_normal.png","profile_image_url_https":"https:\/\/pbs.twimg.com\/profile_images\/552521636570607616\/RanUE73B_normal.png","profile_banner_url":"https:\/\/pbs.twimg.com\/profile_banners\/1726879866\/1420566671","profile_link_color":"004D99","profile_sidebar_border_color":"FFFFFF","profile_sidebar_fill_color":"DDEEF6","profile_text_color":"333333","profile_use_background_image":false,"default_profile":false,"default_profile_image":false,"following":false,"follow_request_sent":false,"notifications":false},"geo":null,"coordinates":null,"place":null,"contributors":null,"retweet_count":19,"favorite_count":2,"entities":{"hashtags":[{"text":"WordPress","indices":[28,38]},{"text":"Theme","indices":[39,45]}],"symbols":[],"user_mentions":[],"urls":[{"url":"http:\/\/t.co\/TkRnEHEVue","expanded_url":"http:\/\/goo.gl\/ZP9jBm","display_url":"goo.gl\/ZP9jBm","indices":[46,68]}]},"favorited":false,"retweeted":false,"possibly_sensitive":false,"lang":"en"},"retweet_count":19,"favorite_count":0,"entities":{"hashtags":[{"text":"WordPress","indices":[42,52]},{"text":"Theme","indices":[53,59]}],"symbols":[],"user_mentions":[{"screen_name":"WP_Ezine","name":"WP Ezine","id":1726879866,"id_str":"1726879866","indices":[3,12]}],"urls":[{"url":"http:\/\/t.co\/TkRnEHEVue","expanded_url":"http:\/\/goo.gl\/ZP9jBm","display_url":"goo.gl\/ZP9jBm","indices":[60,82]}]},"favorited":false,"retweeted":false,"possibly_sensitive":false,"lang":"en"},{"metadata":{"iso_language_code":"en","result_type":"recent"},"created_at":"Wed Jan 07 00:54:55 +0000 2015","id":552629418292961280,"id_str":"552629418292961280","text":"RT @WP_Ezine: Pearl - Responsive Business #WordPress #Theme http:\/\/t.co\/TkRnEHEVue","source":"\u003ca href=\"http:\/\/tweetadder.com\" rel=\"nofollow\"\u003eTweetAdder v4\u003c\/a\u003e","truncated":false,"in_reply_to_status_id":null,"in_reply_to_status_id_str":null,"in_reply_to_user_id":null,"in_reply_to_user_id_str":null,"in_reply_to_screen_name":null,"user":{"id":422563655,"id_str":"422563655","name":"Design Plus More","screen_name":"DesignPlusMore","location":"","profile_location":null,"description":"Design Plus More","url":null,"entities":{"description":{"urls":[]}},"protected":false,"followers_count":1741,"friends_count":1799,"listed_count":10,"created_at":"Sun Nov 27 12:07:36 +0000 2011","favourites_count":0,"utc_offset":7200,"time_zone":"Athens","geo_enabled":false,"verified":false,"statuses_count":2301,"lang":"de","contributors_enabled":false,"is_translator":false,"is_translation_enabled":false,"profile_background_color":"242424","profile_background_image_url":"http:\/\/abs.twimg.com\/images\/themes\/theme1\/bg.png","profile_background_image_url_https":"https:\/\/abs.twimg.com\/images\/themes\/theme1\/bg.png","profile_background_tile":false,"profile_image_url":"http:\/\/pbs.twimg.com\/profile_images\/474490695785275392\/ZK1c39fa_normal.png","profile_image_url_https":"https:\/\/pbs.twimg.com\/profile_images\/474490695785275392\/ZK1c39fa_normal.png","profile_banner_url":"https:\/\/pbs.twimg.com\/profile_banners\/422563655\/1401962178","profile_link_color":"0084B4","profile_sidebar_border_color":"242424","profile_sidebar_fill_color":"FFFFFF","profile_text_color":"242424","profile_use_background_image":false,"default_profile":false,"default_profile_image":false,"following":false,"follow_request_sent":false,"notifications":false},"geo":null,"coordinates":null,"place":null,"contributors":null,"retweeted_status":{"metadata":{"iso_language_code":"en","result_type":"recent"},"created_at":"Tue Jan 06 23:55:05 +0000 2015","id":552614361140043777,"id_str":"552614361140043777","text":"Pearl - Responsive Business #WordPress #Theme http:\/\/t.co\/TkRnEHEVue","source":"\u003ca href=\"http:\/\/tweetadder.com\" rel=\"nofollow\"\u003eTweetAdder v4\u003c\/a\u003e","truncated":false,"in_reply_to_status_id":null,"in_reply_to_status_id_str":null,"in_reply_to_user_id":null,"in_reply_to_user_id_str":null,"in_reply_to_screen_name":null,"user":{"id":1726879866,"id_str":"1726879866","name":"WP Ezine","screen_name":"WP_Ezine","location":"World","profile_location":null,"description":"All about #WordPress - #Plugins, #Themes, #Hacks, #Tips - Impressum unter http:\/\/t.co\/frJXBMuRtB","url":"http:\/\/t.co\/4EyUrESHli","entities":{"url":{"urls":[{"url":"http:\/\/t.co\/4EyUrESHli","expanded_url":"http:\/\/wp-ezine.com\/","display_url":"wp-ezine.com","indices":[0,22]}]},"description":{"urls":[{"url":"http:\/\/t.co\/frJXBMuRtB","expanded_url":"http:\/\/news-software.de\/impressum","display_url":"news-software.de\/impressum","indices":[74,96]}]}},"protected":false,"followers_count":3450,"friends_count":3739,"listed_count":55,"created_at":"Tue Sep 03 23:16:32 +0000 2013","favourites_count":4,"utc_offset":null,"time_zone":null,"geo_enabled":false,"verified":false,"statuses_count":7420,"lang":"de","contributors_enabled":false,"is_translator":false,"is_translation_enabled":false,"profile_background_color":"002F61","profile_background_image_url":"http:\/\/abs.twimg.com\/images\/themes\/theme1\/bg.png","profile_background_image_url_https":"https:\/\/abs.twimg.com\/images\/themes\/theme1\/bg.png","profile_background_tile":false,"profile_image_url":"http:\/\/pbs.twimg.com\/profile_images\/552521636570607616\/RanUE73B_normal.png","profile_image_url_https":"https:\/\/pbs.twimg.com\/profile_images\/552521636570607616\/RanUE73B_normal.png","profile_banner_url":"https:\/\/pbs.twimg.com\/profile_banners\/1726879866\/1420566671","profile_link_color":"004D99","profile_sidebar_border_color":"FFFFFF","profile_sidebar_fill_color":"DDEEF6","profile_text_color":"333333","profile_use_background_image":false,"default_profile":false,"default_profile_image":false,"following":false,"follow_request_sent":false,"notifications":false},"geo":null,"coordinates":null,"place":null,"contributors":null,"retweet_count":19,"favorite_count":2,"entities":{"hashtags":[{"text":"WordPress","indices":[28,38]},{"text":"Theme","indices":[39,45]}],"symbols":[],"user_mentions":[],"urls":[{"url":"http:\/\/t.co\/TkRnEHEVue","expanded_url":"http:\/\/goo.gl\/ZP9jBm","display_url":"goo.gl\/ZP9jBm","indices":[46,68]}]},"favorited":false,"retweeted":false,"possibly_sensitive":false,"lang":"en"},"retweet_count":19,"favorite_count":0,"entities":{"hashtags":[{"text":"WordPress","indices":[42,52]},{"text":"Theme","indices":[53,59]}],"symbols":[],"user_mentions":[{"screen_name":"WP_Ezine","name":"WP Ezine","id":1726879866,"id_str":"1726879866","indices":[3,12]}],"urls":[{"url":"http:\/\/t.co\/TkRnEHEVue","expanded_url":"http:\/\/goo.gl\/ZP9jBm","display_url":"goo.gl\/ZP9jBm","indices":[60,82]}]},"favorited":false,"retweeted":false,"possibly_sensitive":false,"lang":"en"},{"metadata":{"iso_language_code":"en","result_type":"recent"},"created_at":"Wed Jan 07 00:53:08 +0000 2015","id":552628971066494977,"id_str":"552628971066494977","text":"ThemeForest Maximus v3.4 \u2013 Responsive Multi-Purpose\u00a0Theme http:\/\/t.co\/BMUz3Y5LBS","source":"\u003ca href=\"http:\/\/publicize.wp.com\/\" rel=\"nofollow\"\u003eWordPress.com\u003c\/a\u003e","truncated":false,"in_reply_to_status_id":null,"in_reply_to_status_id_str":null,"in_reply_to_user_id":null,"in_reply_to_user_id_str":null,"in_reply_to_screen_name":null,"user":{"id":584673098,"id_str":"584673098","name":"NullPHP.com","screen_name":"NullPHPcom","location":"N\/A","profile_location":null,"description":"Full Premium & Highest quality Templates for Joomla, Wordpress, Magento, Drupal ... HTML & CSS, Nulled Scripts, Clone Scritps, Graphic Sources,... and other.","url":"http:\/\/t.co\/N9XpCU2Llb","entities":{"url":{"urls":[{"url":"http:\/\/t.co\/N9XpCU2Llb","expanded_url":"http:\/\/www.NullPHP.com","display_url":"NullPHP.com","indices":[0,22]}]},"description":{"urls":[]}},"protected":false,"followers_count":6266,"friends_count":7006,"listed_count":22,"created_at":"Sat May 19 11:32:30 +0000 2012","favourites_count":0,"utc_offset":3600,"time_zone":"Amsterdam","geo_enabled":false,"verified":false,"statuses_count":2769,"lang":"fr","contributors_enabled":false,"is_translator":false,"is_translation_enabled":false,"profile_background_color":"9AE4E8","profile_background_image_url":"http:\/\/pbs.twimg.com\/profile_background_images\/888874199\/0bf95b9203fe45ab8d5e7266647fa3f9.jpeg","profile_background_image_url_https":"https:\/\/pbs.twimg.com\/profile_background_images\/888874199\/0bf95b9203fe45ab8d5e7266647fa3f9.jpeg","profile_background_tile":true,"profile_image_url":"http:\/\/pbs.twimg.com\/profile_images\/378800000525605764\/dc2212ebdf56cc664e39016e22996dd8_normal.jpeg","profile_image_url_https":"https:\/\/pbs.twimg.com\/profile_images\/378800000525605764\/dc2212ebdf56cc664e39016e22996dd8_normal.jpeg","profile_banner_url":"https:\/\/pbs.twimg.com\/profile_banners\/584673098\/1381205348","profile_link_color":"0084B4","profile_sidebar_border_color":"000000","profile_sidebar_fill_color":"DDFFCC","profile_text_color":"333333","profile_use_background_image":true,"default_profile":false,"default_profile_image":false,"following":false,"follow_request_sent":false,"notifications":false},"geo":null,"coordinates":null,"place":null,"contributors":null,"retweet_count":0,"favorite_count":0,"entities":{"hashtags":[],"symbols":[],"user_mentions":[],"urls":[{"url":"http:\/\/t.co\/BMUz3Y5LBS","expanded_url":"http:\/\/www.nullphp.com\/?p=7601","display_url":"nullphp.com\/?p=7601","indices":[58,80]}]},"favorited":false,"retweeted":false,"possibly_sensitive":false,"lang":"en"},{"metadata":{"iso_language_code":"tl","result_type":"recent"},"created_at":"Wed Jan 07 00:52:52 +0000 2015","id":552628904037724160,"id_str":"552628904037724160","text":"RT @WPInfoGraphy: Batekh - Multi-Purpose Landing Page (Corporate) http:\/\/t.co\/DpbpzA4qa4 #WebDesign #Template","source":"\u003ca href=\"https:\/\/roundteam.co\" rel=\"nofollow\"\u003eRoundTeam\u003c\/a\u003e","truncated":false,"in_reply_to_status_id":null,"in_reply_to_status_id_str":null,"in_reply_to_user_id":null,"in_reply_to_user_id_str":null,"in_reply_to_screen_name":null,"user":{"id":17504090,"id_str":"17504090","name":"Titan Blue Australia","screen_name":"titanblue","location":"Sydney, Australia","profile_location":null,"description":"Titan Blue is a multi-talented Internet production group dedicated to developing fresh, creative web solutions that drive strong business results.","url":"http:\/\/t.co\/YKqmWosOBb","entities":{"url":{"urls":[{"url":"http:\/\/t.co\/YKqmWosOBb","expanded_url":"http:\/\/www.titanblue.com.au","display_url":"titanblue.com.au","indices":[0,22]}]},"description":{"urls":[]}},"protected":false,"followers_count":325,"friends_count":396,"listed_count":18,"created_at":"Thu Nov 20 04:04:49 +0000 2008","favourites_count":6,"utc_offset":39600,"time_zone":"Sydney","geo_enabled":false,"verified":false,"statuses_count":18701,"lang":"en","contributors_enabled":false,"is_translator":false,"is_translation_enabled":false,"profile_background_color":"1A1B1F","profile_background_image_url":"http:\/\/abs.twimg.com\/images\/themes\/theme9\/bg.gif","profile_background_image_url_https":"https:\/\/abs.twimg.com\/images\/themes\/theme9\/bg.gif","profile_background_tile":false,"profile_image_url":"http:\/\/pbs.twimg.com\/profile_images\/1728450514\/tba_normal.jpg","profile_image_url_https":"https:\/\/pbs.twimg.com\/profile_images\/1728450514\/tba_normal.jpg","profile_banner_url":"https:\/\/pbs.twimg.com\/profile_banners\/17504090\/1403431330","profile_link_color":"2FC2EF","profile_sidebar_border_color":"181A1E","profile_sidebar_fill_color":"252429","profile_text_color":"666666","profile_use_background_image":true,"default_profile":false,"default_profile_image":false,"following":false,"follow_request_sent":false,"notifications":false},"geo":null,"coordinates":null,"place":null,"contributors":null,"retweeted_status":{"metadata":{"iso_language_code":"tl","result_type":"recent"},"created_at":"Wed Jan 07 00:47:33 +0000 2015","id":552627564699594753,"id_str":"552627564699594753","text":"Batekh - Multi-Purpose Landing Page (Corporate) http:\/\/t.co\/DpbpzA4qa4 #WebDesign #Template","source":"\u003ca href=\"http:\/\/dlvr.it\" rel=\"nofollow\"\u003edlvr.it\u003c\/a\u003e","truncated":false,"in_reply_to_status_id":null,"in_reply_to_status_id_str":null,"in_reply_to_user_id":null,"in_reply_to_user_id_str":null,"in_reply_to_screen_name":null,"user":{"id":167388483,"id_str":"167388483","name":"WordPress Infography","screen_name":"WPInfoGraphy","location":"USA","profile_location":null,"description":"WordPress Theme Information station","url":"http:\/\/t.co\/yWM9MBg0vo","entities":{"url":{"urls":[{"url":"http:\/\/t.co\/yWM9MBg0vo","expanded_url":"http:\/\/PremiumThemeClub.net","display_url":"PremiumThemeClub.net","indices":[0,22]}]},"description":{"urls":[]}},"protected":false,"followers_count":183,"friends_count":8,"listed_count":31,"created_at":"Fri Jul 16 13:21:42 +0000 2010","favourites_count":0,"utc_offset":null,"time_zone":null,"geo_enabled":true,"verified":false,"statuses_count":33054,"lang":"en","contributors_enabled":false,"is_translator":false,"is_translation_enabled":false,"profile_background_color":"022330","profile_background_image_url":"http:\/\/abs.twimg.com\/images\/themes\/theme15\/bg.png","profile_background_image_url_https":"https:\/\/abs.twimg.com\/images\/themes\/theme15\/bg.png","profile_background_tile":false,"profile_image_url":"http:\/\/pbs.twimg.com\/profile_images\/1079723035\/logo_normal.png","profile_image_url_https":"https:\/\/pbs.twimg.com\/profile_images\/1079723035\/logo_normal.png","profile_link_color":"0084B4","profile_sidebar_border_color":"A8C7F7","profile_sidebar_fill_color":"C0DFEC","profile_text_color":"333333","profile_use_background_image":true,"default_profile":false,"default_profile_image":false,"following":false,"follow_request_sent":false,"notifications":false},"geo":null,"coordinates":null,"place":null,"contributors":null,"retweet_count":1,"favorite_count":0,"entities":{"hashtags":[{"text":"WebDesign","indices":[71,81]},{"text":"Template","indices":[82,91]}],"symbols":[],"user_mentions":[],"urls":[{"url":"http:\/\/t.co\/DpbpzA4qa4","expanded_url":"http:\/\/j.mp\/1HJ5qnY","display_url":"j.mp\/1HJ5qnY","indices":[48,70]}]},"favorited":false,"retweeted":false,"possibly_sensitive":false,"lang":"tl"},"retweet_count":1,"favorite_count":0,"entities":{"hashtags":[{"text":"WebDesign","indices":[89,99]},{"text":"Template","indices":[100,109]}],"symbols":[],"user_mentions":[{"screen_name":"WPInfoGraphy","name":"WordPress Infography","id":167388483,"id_str":"167388483","indices":[3,16]}],"urls":[{"url":"http:\/\/t.co\/DpbpzA4qa4","expanded_url":"http:\/\/j.mp\/1HJ5qnY","display_url":"j.mp\/1HJ5qnY","indices":[66,88]}]},"favorited":false,"retweeted":false,"possibly_sensitive":false,"lang":"tl"},{"metadata":{"iso_language_code":"en","result_type":"recent"},"created_at":"Wed Jan 07 00:52:08 +0000 2015","id":552628718548815872,"id_str":"552628718548815872","text":"RT @WP_Ezine: Pearl - Responsive Business #WordPress #Theme http:\/\/t.co\/TkRnEHEVue","source":"\u003ca href=\"http:\/\/tweetadder.com\" rel=\"nofollow\"\u003eTweetAdder v4\u003c\/a\u003e","truncated":false,"in_reply_to_status_id":null,"in_reply_to_status_id_str":null,"in_reply_to_user_id":null,"in_reply_to_user_id_str":null,"in_reply_to_screen_name":null,"user":{"id":2833906155,"id_str":"2833906155","name":"Fresh WordPress","screen_name":"Fresh_WordPress","location":"World","profile_location":null,"description":"Best #WordPress #Themes #Plugins","url":null,"entities":{"description":{"urls":[]}},"protected":false,"followers_count":796,"friends_count":892,"listed_count":10,"created_at":"Thu Oct 16 11:59:51 +0000 2014","favourites_count":0,"utc_offset":null,"time_zone":null,"geo_enabled":false,"verified":false,"statuses_count":1764,"lang":"de","contributors_enabled":false,"is_translator":false,"is_translation_enabled":false,"profile_background_color":"FFFFFF","profile_background_image_url":"http:\/\/abs.twimg.com\/images\/themes\/theme1\/bg.png","profile_background_image_url_https":"https:\/\/abs.twimg.com\/images\/themes\/theme1\/bg.png","profile_background_tile":false,"profile_image_url":"http:\/\/pbs.twimg.com\/profile_images\/522719602417999874\/I_zfoBy-_normal.png","profile_image_url_https":"https:\/\/pbs.twimg.com\/profile_images\/522719602417999874\/I_zfoBy-_normal.png","profile_link_color":"F6B000","profile_sidebar_border_color":"FFFFFF","profile_sidebar_fill_color":"DDEEF6","profile_text_color":"333333","profile_use_background_image":false,"default_profile":false,"default_profile_image":false,"following":false,"follow_request_sent":false,"notifications":false},"geo":null,"coordinates":null,"place":null,"contributors":null,"retweeted_status":{"metadata":{"iso_language_code":"en","result_type":"recent"},"created_at":"Tue Jan 06 23:55:05 +0000 2015","id":552614361140043777,"id_str":"552614361140043777","text":"Pearl - Responsive Business #WordPress #Theme http:\/\/t.co\/TkRnEHEVue","source":"\u003ca href=\"http:\/\/tweetadder.com\" rel=\"nofollow\"\u003eTweetAdder v4\u003c\/a\u003e","truncated":false,"in_reply_to_status_id":null,"in_reply_to_status_id_str":null,"in_reply_to_user_id":null,"in_reply_to_user_id_str":null,"in_reply_to_screen_name":null,"user":{"id":1726879866,"id_str":"1726879866","name":"WP Ezine","screen_name":"WP_Ezine","location":"World","profile_location":null,"description":"All about #WordPress - #Plugins, #Themes, #Hacks, #Tips - Impressum unter http:\/\/t.co\/frJXBMuRtB","url":"http:\/\/t.co\/4EyUrESHli","entities":{"url":{"urls":[{"url":"http:\/\/t.co\/4EyUrESHli","expanded_url":"http:\/\/wp-ezine.com\/","display_url":"wp-ezine.com","indices":[0,22]}]},"description":{"urls":[{"url":"http:\/\/t.co\/frJXBMuRtB","expanded_url":"http:\/\/news-software.de\/impressum","display_url":"news-software.de\/impressum","indices":[74,96]}]}},"protected":false,"followers_count":3450,"friends_count":3739,"listed_count":55,"created_at":"Tue Sep 03 23:16:32 +0000 2013","favourites_count":4,"utc_offset":null,"time_zone":null,"geo_enabled":false,"verified":false,"statuses_count":7420,"lang":"de","contributors_enabled":false,"is_translator":false,"is_translation_enabled":false,"profile_background_color":"002F61","profile_background_image_url":"http:\/\/abs.twimg.com\/images\/themes\/theme1\/bg.png","profile_background_image_url_https":"https:\/\/abs.twimg.com\/images\/themes\/theme1\/bg.png","profile_background_tile":false,"profile_image_url":"http:\/\/pbs.twimg.com\/profile_images\/552521636570607616\/RanUE73B_normal.png","profile_image_url_https":"https:\/\/pbs.twimg.com\/profile_images\/552521636570607616\/RanUE73B_normal.png","profile_banner_url":"https:\/\/pbs.twimg.com\/profile_banners\/1726879866\/1420566671","profile_link_color":"004D99","profile_sidebar_border_color":"FFFFFF","profile_sidebar_fill_color":"DDEEF6","profile_text_color":"333333","profile_use_background_image":false,"default_profile":false,"default_profile_image":false,"following":false,"follow_request_sent":false,"notifications":false},"geo":null,"coordinates":null,"place":null,"contributors":null,"retweet_count":19,"favorite_count":2,"entities":{"hashtags":[{"text":"WordPress","indices":[28,38]},{"text":"Theme","indices":[39,45]}],"symbols":[],"user_mentions":[],"urls":[{"url":"http:\/\/t.co\/TkRnEHEVue","expanded_url":"http:\/\/goo.gl\/ZP9jBm","display_url":"goo.gl\/ZP9jBm","indices":[46,68]}]},"favorited":false,"retweeted":false,"possibly_sensitive":false,"lang":"en"},"retweet_count":19,"favorite_count":0,"entities":{"hashtags":[{"text":"WordPress","indices":[42,52]},{"text":"Theme","indices":[53,59]}],"symbols":[],"user_mentions":[{"screen_name":"WP_Ezine","name":"WP Ezine","id":1726879866,"id_str":"1726879866","indices":[3,12]}],"urls":[{"url":"http:\/\/t.co\/TkRnEHEVue","expanded_url":"http:\/\/goo.gl\/ZP9jBm","display_url":"goo.gl\/ZP9jBm","indices":[60,82]}]},"favorited":false,"retweeted":false,"possibly_sensitive":false,"lang":"en"},{"metadata":{"iso_language_code":"en","result_type":"recent"},"created_at":"Wed Jan 07 00:50:39 +0000 2015","id":552628343397711873,"id_str":"552628343397711873","text":"Via @DigestWordpress: RT OfficialTrento: Via DigestWordpress: RT WordPressBestOf: SEO WP \u2014 Social Media and Digi... http:\/\/t.co\/JGmy7C2UIA","source":"\u003ca href=\"http:\/\/ifttt.com\" rel=\"nofollow\"\u003eIFTTT\u003c\/a\u003e","truncated":false,"in_reply_to_status_id":null,"in_reply_to_status_id_str":null,"in_reply_to_user_id":null,"in_reply_to_user_id_str":null,"in_reply_to_screen_name":null,"user":{"id":2341961923,"id_str":"2341961923","name":"Antonio Trento\u2615","screen_name":"OfficialTrento","location":"Italy","profile_location":null,"description":"A crazy man that search a job into #SocialMediaMarketing #WebMaster STO @cercandolavoroo I'll happy if you share my tweets. Made with @fiverrtoy","url":"http:\/\/t.co\/nsULh4teO0","entities":{"url":{"urls":[{"url":"http:\/\/t.co\/nsULh4teO0","expanded_url":"http:\/\/antoniotrento.com","display_url":"antoniotrento.com","indices":[0,22]}]},"description":{"urls":[]}},"protected":false,"followers_count":4373,"friends_count":185,"listed_count":255,"created_at":"Thu Feb 13 13:05:16 +0000 2014","favourites_count":2788,"utc_offset":3600,"time_zone":"Rome","geo_enabled":true,"verified":false,"statuses_count":135645,"lang":"it","contributors_enabled":false,"is_translator":false,"is_translation_enabled":false,"profile_background_color":"C0DEED","profile_background_image_url":"http:\/\/pbs.twimg.com\/profile_background_images\/459053767183200256\/E2xkz-W8.png","profile_background_image_url_https":"https:\/\/pbs.twimg.com\/profile_background_images\/459053767183200256\/E2xkz-W8.png","profile_background_tile":true,"profile_image_url":"http:\/\/pbs.twimg.com\/profile_images\/460071204313763840\/uYvrfcQ__normal.jpeg","profile_image_url_https":"https:\/\/pbs.twimg.com\/profile_images\/460071204313763840\/uYvrfcQ__normal.jpeg","profile_banner_url":"https:\/\/pbs.twimg.com\/profile_banners\/2341961923\/1417295525","profile_link_color":"628D9C","profile_sidebar_border_color":"FFFFFF","profile_sidebar_fill_color":"DDEEF6","profile_text_color":"333333","profile_use_background_image":true,"default_profile":false,"default_profile_image":false,"following":false,"follow_request_sent":false,"notifications":false},"geo":null,"coordinates":null,"place":null,"contributors":null,"retweet_count":0,"favorite_count":0,"entities":{"hashtags":[],"symbols":[],"user_mentions":[{"screen_name":"DigestWordpress","name":"WordPress Digest","id":2808956630,"id_str":"2808956630","indices":[4,20]}],"urls":[{"url":"http:\/\/t.co\/JGmy7C2UIA","expanded_url":"http:\/\/goo.gl\/uajnAK","display_url":"goo.gl\/uajnAK","indices":[116,138]}]},"favorited":false,"retweeted":false,"possibly_sensitive":false,"lang":"en"},{"metadata":{"iso_language_code":"en","result_type":"recent"},"created_at":"Wed Jan 07 00:50:02 +0000 2015","id":552628189046915072,"id_str":"552628189046915072","text":"RT @QueldoreiThemes: One of the Most Colorful &amp; Friendly #WordPress themes! LiquidFolio Premium Blog &amp; Portfolio #Theme. #Themeforest http:\u2026","source":"\u003ca href=\"http:\/\/www.cult-f.net\" rel=\"nofollow\"\u003eCult-foo connect\u003c\/a\u003e","truncated":false,"in_reply_to_status_id":null,"in_reply_to_status_id_str":null,"in_reply_to_user_id":null,"in_reply_to_user_id_str":null,"in_reply_to_screen_name":null,"user":{"id":18361042,"id_str":"18361042","name":"Cult-foo","screen_name":"cultfoo","location":"","profile_location":null,"description":"Web development team.","url":"http:\/\/t.co\/J7nVSSIbij","entities":{"url":{"urls":[{"url":"http:\/\/t.co\/J7nVSSIbij","expanded_url":"http:\/\/www.cult-f.net\/","display_url":"cult-f.net","indices":[0,22]}]},"description":{"urls":[]}},"protected":false,"followers_count":10564,"friends_count":7614,"listed_count":474,"created_at":"Wed Dec 24 17:13:42 +0000 2008","favourites_count":1,"utc_offset":25200,"time_zone":"Bangkok","geo_enabled":false,"verified":false,"statuses_count":44737,"lang":"en","contributors_enabled":false,"is_translator":false,"is_translation_enabled":false,"profile_background_color":"586164","profile_background_image_url":"http:\/\/pbs.twimg.com\/profile_background_images\/37455849\/patt_4ab15e11a5753.jpg","profile_background_image_url_https":"https:\/\/pbs.twimg.com\/profile_background_images\/37455849\/patt_4ab15e11a5753.jpg","profile_background_tile":true,"profile_image_url":"http:\/\/pbs.twimg.com\/profile_images\/68524365\/cultfoo_normal.jpg","profile_image_url_https":"https:\/\/pbs.twimg.com\/profile_images\/68524365\/cultfoo_normal.jpg","profile_link_color":"6B9F33","profile_sidebar_border_color":"E8EFCB","profile_sidebar_fill_color":"E8EFCB","profile_text_color":"000000","profile_use_background_image":true,"default_profile":false,"default_profile_image":false,"following":false,"follow_request_sent":false,"notifications":false},"geo":null,"coordinates":null,"place":null,"contributors":null,"retweeted_status":{"metadata":{"iso_language_code":"en","result_type":"recent"},"created_at":"Wed Jan 07 00:50:01 +0000 2015","id":552628187151081473,"id_str":"552628187151081473","text":"One of the Most Colorful &amp; Friendly #WordPress themes! LiquidFolio Premium Blog &amp; Portfolio #Theme. #Themeforest http:\/\/t.co\/dMfAxfxyEa","source":"\u003ca href=\"http:\/\/queldorei.com\" rel=\"nofollow\"\u003eQueldorei Promo tweets\u003c\/a\u003e","truncated":false,"in_reply_to_status_id":null,"in_reply_to_status_id_str":null,"in_reply_to_user_id":null,"in_reply_to_user_id_str":null,"in_reply_to_screen_name":null,"user":{"id":783081632,"id_str":"783081632","name":"Quel'dorei","screen_name":"QueldoreiThemes","location":"","profile_location":null,"description":"Elune-Adore","url":"http:\/\/t.co\/JKzrtbsaxh","entities":{"url":{"urls":[{"url":"http:\/\/t.co\/JKzrtbsaxh","expanded_url":"http:\/\/queldorei.com","display_url":"queldorei.com","indices":[0,22]}]},"description":{"urls":[]}},"protected":false,"followers_count":1830,"friends_count":1484,"listed_count":25,"created_at":"Sun Aug 26 19:50:36 +0000 2012","favourites_count":0,"utc_offset":7200,"time_zone":"Athens","geo_enabled":false,"verified":false,"statuses_count":17361,"lang":"en","contributors_enabled":false,"is_translator":false,"is_translation_enabled":false,"profile_background_color":"322C29","profile_background_image_url":"http:\/\/pbs.twimg.com\/profile_background_images\/675592564\/c4f344a58f949bd25ee34b9f560c8d0d.jpeg","profile_background_image_url_https":"https:\/\/pbs.twimg.com\/profile_background_images\/675592564\/c4f344a58f949bd25ee34b9f560c8d0d.jpeg","profile_background_tile":false,"profile_image_url":"http:\/\/pbs.twimg.com\/profile_images\/2676333808\/b91601db32eae5e71a3db8a2d5ce92e6_normal.png","profile_image_url_https":"https:\/\/pbs.twimg.com\/profile_images\/2676333808\/b91601db32eae5e71a3db8a2d5ce92e6_normal.png","profile_banner_url":"https:\/\/pbs.twimg.com\/profile_banners\/783081632\/1349266278","profile_link_color":"F25553","profile_sidebar_border_color":"FFFFFF","profile_sidebar_fill_color":"DDEEF6","profile_text_color":"333333","profile_use_background_image":true,"default_profile":false,"default_profile_image":false,"following":false,"follow_request_sent":false,"notifications":false},"geo":null,"coordinates":null,"place":null,"contributors":null,"retweet_count":1,"favorite_count":0,"entities":{"hashtags":[{"text":"WordPress","indices":[40,50]},{"text":"Theme","indices":[100,106]},{"text":"Themeforest","indices":[108,120]}],"symbols":[],"user_mentions":[],"urls":[{"url":"http:\/\/t.co\/dMfAxfxyEa","expanded_url":"http:\/\/bit.ly\/Wxg9sJ","display_url":"bit.ly\/Wxg9sJ","indices":[121,143]}]},"favorited":false,"retweeted":false,"possibly_sensitive":false,"lang":"en"},"retweet_count":1,"favorite_count":0,"entities":{"hashtags":[{"text":"WordPress","indices":[61,71]},{"text":"Theme","indices":[121,127]},{"text":"Themeforest","indices":[129,141]}],"symbols":[],"user_mentions":[{"screen_name":"QueldoreiThemes","name":"Quel'dorei","id":783081632,"id_str":"783081632","indices":[3,19]}],"urls":[{"url":"http:\/\/t.co\/dMfAxfxyEa","expanded_url":"http:\/\/bit.ly\/Wxg9sJ","display_url":"bit.ly\/Wxg9sJ","indices":[147,148]}]},"favorited":false,"retweeted":false,"possibly_sensitive":false,"lang":"en"},{"metadata":{"iso_language_code":"en","result_type":"recent"},"created_at":"Wed Jan 07 00:50:01 +0000 2015","id":552628187151081473,"id_str":"552628187151081473","text":"One of the Most Colorful &amp; Friendly #WordPress themes! LiquidFolio Premium Blog &amp; Portfolio #Theme. #Themeforest http:\/\/t.co\/dMfAxfxyEa","source":"\u003ca href=\"http:\/\/queldorei.com\" rel=\"nofollow\"\u003eQueldorei Promo tweets\u003c\/a\u003e","truncated":false,"in_reply_to_status_id":null,"in_reply_to_status_id_str":null,"in_reply_to_user_id":null,"in_reply_to_user_id_str":null,"in_reply_to_screen_name":null,"user":{"id":783081632,"id_str":"783081632","name":"Quel'dorei","screen_name":"QueldoreiThemes","location":"","profile_location":null,"description":"Elune-Adore","url":"http:\/\/t.co\/JKzrtbsaxh","entities":{"url":{"urls":[{"url":"http:\/\/t.co\/JKzrtbsaxh","expanded_url":"http:\/\/queldorei.com","display_url":"queldorei.com","indices":[0,22]}]},"description":{"urls":[]}},"protected":false,"followers_count":1830,"friends_count":1484,"listed_count":25,"created_at":"Sun Aug 26 19:50:36 +0000 2012","favourites_count":0,"utc_offset":7200,"time_zone":"Athens","geo_enabled":false,"verified":false,"statuses_count":17361,"lang":"en","contributors_enabled":false,"is_translator":false,"is_translation_enabled":false,"profile_background_color":"322C29","profile_background_image_url":"http:\/\/pbs.twimg.com\/profile_background_images\/675592564\/c4f344a58f949bd25ee34b9f560c8d0d.jpeg","profile_background_image_url_https":"https:\/\/pbs.twimg.com\/profile_background_images\/675592564\/c4f344a58f949bd25ee34b9f560c8d0d.jpeg","profile_background_tile":false,"profile_image_url":"http:\/\/pbs.twimg.com\/profile_images\/2676333808\/b91601db32eae5e71a3db8a2d5ce92e6_normal.png","profile_image_url_https":"https:\/\/pbs.twimg.com\/profile_images\/2676333808\/b91601db32eae5e71a3db8a2d5ce92e6_normal.png","profile_banner_url":"https:\/\/pbs.twimg.com\/profile_banners\/783081632\/1349266278","profile_link_color":"F25553","profile_sidebar_border_color":"FFFFFF","profile_sidebar_fill_color":"DDEEF6","profile_text_color":"333333","profile_use_background_image":true,"default_profile":false,"default_profile_image":false,"following":false,"follow_request_sent":false,"notifications":false},"geo":null,"coordinates":null,"place":null,"contributors":null,"retweet_count":1,"favorite_count":0,"entities":{"hashtags":[{"text":"WordPress","indices":[40,50]},{"text":"Theme","indices":[100,106]},{"text":"Themeforest","indices":[108,120]}],"symbols":[],"user_mentions":[],"urls":[{"url":"http:\/\/t.co\/dMfAxfxyEa","expanded_url":"http:\/\/bit.ly\/Wxg9sJ","display_url":"bit.ly\/Wxg9sJ","indices":[121,143]}]},"favorited":false,"retweeted":false,"possibly_sensitive":false,"lang":"en"},{"metadata":{"iso_language_code":"en","result_type":"recent"},"created_at":"Wed Jan 07 00:49:28 +0000 2015","id":552628049192439808,"id_str":"552628049192439808","text":"RT @WP_Ezine: Pearl - Responsive Business #WordPress #Theme http:\/\/t.co\/TkRnEHEVue","source":"\u003ca href=\"http:\/\/tweetadder.com\" rel=\"nofollow\"\u003eTweetAdder v4\u003c\/a\u003e","truncated":false,"in_reply_to_status_id":null,"in_reply_to_status_id_str":null,"in_reply_to_user_id":null,"in_reply_to_user_id_str":null,"in_reply_to_screen_name":null,"user":{"id":429203255,"id_str":"429203255","name":"11m Magazin","screen_name":"11mMagazin","location":"D\u00fcsseldorf","profile_location":null,"description":"Topaktuelle News, Tipps und Trends aus dem Web","url":null,"entities":{"description":{"urls":[]}},"protected":false,"followers_count":4004,"friends_count":4252,"listed_count":40,"created_at":"Mon Dec 05 17:51:29 +0000 2011","favourites_count":0,"utc_offset":null,"time_zone":null,"geo_enabled":false,"verified":false,"statuses_count":18623,"lang":"de","contributors_enabled":false,"is_translator":false,"is_translation_enabled":false,"profile_background_color":"FFFFFF","profile_background_image_url":"http:\/\/pbs.twimg.com\/profile_background_images\/376412369\/Image3.png","profile_background_image_url_https":"https:\/\/pbs.twimg.com\/profile_background_images\/376412369\/Image3.png","profile_background_tile":false,"profile_image_url":"http:\/\/pbs.twimg.com\/profile_images\/528812426209144832\/eS_SNcz1_normal.png","profile_image_url_https":"https:\/\/pbs.twimg.com\/profile_images\/528812426209144832\/eS_SNcz1_normal.png","profile_banner_url":"https:\/\/pbs.twimg.com\/profile_banners\/429203255\/1414913260","profile_link_color":"AE8C00","profile_sidebar_border_color":"FFFFFF","profile_sidebar_fill_color":"FFFFFF","profile_text_color":"333333","profile_use_background_image":false,"default_profile":false,"default_profile_image":false,"following":false,"follow_request_sent":false,"notifications":false},"geo":null,"coordinates":null,"place":null,"contributors":null,"retweeted_status":{"metadata":{"iso_language_code":"en","result_type":"recent"},"created_at":"Tue Jan 06 23:55:05 +0000 2015","id":552614361140043777,"id_str":"552614361140043777","text":"Pearl - Responsive Business #WordPress #Theme http:\/\/t.co\/TkRnEHEVue","source":"\u003ca href=\"http:\/\/tweetadder.com\" rel=\"nofollow\"\u003eTweetAdder v4\u003c\/a\u003e","truncated":false,"in_reply_to_status_id":null,"in_reply_to_status_id_str":null,"in_reply_to_user_id":null,"in_reply_to_user_id_str":null,"in_reply_to_screen_name":null,"user":{"id":1726879866,"id_str":"1726879866","name":"WP Ezine","screen_name":"WP_Ezine","location":"World","profile_location":null,"description":"All about #WordPress - #Plugins, #Themes, #Hacks, #Tips - Impressum unter http:\/\/t.co\/frJXBMuRtB","url":"http:\/\/t.co\/4EyUrESHli","entities":{"url":{"urls":[{"url":"http:\/\/t.co\/4EyUrESHli","expanded_url":"http:\/\/wp-ezine.com\/","display_url":"wp-ezine.com","indices":[0,22]}]},"description":{"urls":[{"url":"http:\/\/t.co\/frJXBMuRtB","expanded_url":"http:\/\/news-software.de\/impressum","display_url":"news-software.de\/impressum","indices":[74,96]}]}},"protected":false,"followers_count":3450,"friends_count":3739,"listed_count":55,"created_at":"Tue Sep 03 23:16:32 +0000 2013","favourites_count":4,"utc_offset":null,"time_zone":null,"geo_enabled":false,"verified":false,"statuses_count":7420,"lang":"de","contributors_enabled":false,"is_translator":false,"is_translation_enabled":false,"profile_background_color":"002F61","profile_background_image_url":"http:\/\/abs.twimg.com\/images\/themes\/theme1\/bg.png","profile_background_image_url_https":"https:\/\/abs.twimg.com\/images\/themes\/theme1\/bg.png","profile_background_tile":false,"profile_image_url":"http:\/\/pbs.twimg.com\/profile_images\/552521636570607616\/RanUE73B_normal.png","profile_image_url_https":"https:\/\/pbs.twimg.com\/profile_images\/552521636570607616\/RanUE73B_normal.png","profile_banner_url":"https:\/\/pbs.twimg.com\/profile_banners\/1726879866\/1420566671","profile_link_color":"004D99","profile_sidebar_border_color":"FFFFFF","profile_sidebar_fill_color":"DDEEF6","profile_text_color":"333333","profile_use_background_image":false,"default_profile":false,"default_profile_image":false,"following":false,"follow_request_sent":false,"notifications":false},"geo":null,"coordinates":null,"place":null,"contributors":null,"retweet_count":19,"favorite_count":2,"entities":{"hashtags":[{"text":"WordPress","indices":[28,38]},{"text":"Theme","indices":[39,45]}],"symbols":[],"user_mentions":[],"urls":[{"url":"http:\/\/t.co\/TkRnEHEVue","expanded_url":"http:\/\/goo.gl\/ZP9jBm","display_url":"goo.gl\/ZP9jBm","indices":[46,68]}]},"favorited":false,"retweeted":false,"possibly_sensitive":false,"lang":"en"},"retweet_count":19,"favorite_count":0,"entities":{"hashtags":[{"text":"WordPress","indices":[42,52]},{"text":"Theme","indices":[53,59]}],"symbols":[],"user_mentions":[{"screen_name":"WP_Ezine","name":"WP Ezine","id":1726879866,"id_str":"1726879866","indices":[3,12]}],"urls":[{"url":"http:\/\/t.co\/TkRnEHEVue","expanded_url":"http:\/\/goo.gl\/ZP9jBm","display_url":"goo.gl\/ZP9jBm","indices":[60,82]}]},"favorited":false,"retweeted":false,"possibly_sensitive":false,"lang":"en"},{"metadata":{"iso_language_code":"en","result_type":"recent"},"created_at":"Wed Jan 07 00:49:11 +0000 2015","id":552627976454803456,"id_str":"552627976454803456","text":"RT @WP_Ezine: Pearl - Responsive Business #WordPress #Theme http:\/\/t.co\/TkRnEHEVue","source":"\u003ca href=\"http:\/\/tweetadder.com\" rel=\"nofollow\"\u003eTweetAdder v4\u003c\/a\u003e","truncated":false,"in_reply_to_status_id":null,"in_reply_to_status_id_str":null,"in_reply_to_user_id":null,"in_reply_to_user_id_str":null,"in_reply_to_screen_name":null,"user":{"id":227676935,"id_str":"227676935","name":"WordPress Tipps","screen_name":"WP_Tipps","location":"","profile_location":null,"description":"Alles zum Thema Bloggen, Themes, Plugins, Microblogging, Web-News etc.","url":null,"entities":{"description":{"urls":[]}},"protected":false,"followers_count":5803,"friends_count":5225,"listed_count":87,"created_at":"Fri Dec 17 14:02:07 +0000 2010","favourites_count":0,"utc_offset":null,"time_zone":null,"geo_enabled":false,"verified":false,"statuses_count":12320,"lang":"de","contributors_enabled":false,"is_translator":false,"is_translation_enabled":false,"profile_background_color":"131516","profile_background_image_url":"http:\/\/abs.twimg.com\/images\/themes\/theme14\/bg.gif","profile_background_image_url_https":"https:\/\/abs.twimg.com\/images\/themes\/theme14\/bg.gif","profile_background_tile":true,"profile_image_url":"http:\/\/pbs.twimg.com\/profile_images\/1192718508\/WordPressMann_normal.jpg","profile_image_url_https":"https:\/\/pbs.twimg.com\/profile_images\/1192718508\/WordPressMann_normal.jpg","profile_link_color":"02418F","profile_sidebar_border_color":"050505","profile_sidebar_fill_color":"F0F7FA","profile_text_color":"333333","profile_use_background_image":true,"default_profile":false,"default_profile_image":false,"following":false,"follow_request_sent":false,"notifications":false},"geo":null,"coordinates":null,"place":null,"contributors":null,"retweeted_status":{"metadata":{"iso_language_code":"en","result_type":"recent"},"created_at":"Tue Jan 06 23:55:05 +0000 2015","id":552614361140043777,"id_str":"552614361140043777","text":"Pearl - Responsive Business #WordPress #Theme http:\/\/t.co\/TkRnEHEVue","source":"\u003ca href=\"http:\/\/tweetadder.com\" rel=\"nofollow\"\u003eTweetAdder v4\u003c\/a\u003e","truncated":false,"in_reply_to_status_id":null,"in_reply_to_status_id_str":null,"in_reply_to_user_id":null,"in_reply_to_user_id_str":null,"in_reply_to_screen_name":null,"user":{"id":1726879866,"id_str":"1726879866","name":"WP Ezine","screen_name":"WP_Ezine","location":"World","profile_location":null,"description":"All about #WordPress - #Plugins, #Themes, #Hacks, #Tips - Impressum unter http:\/\/t.co\/frJXBMuRtB","url":"http:\/\/t.co\/4EyUrESHli","entities":{"url":{"urls":[{"url":"http:\/\/t.co\/4EyUrESHli","expanded_url":"http:\/\/wp-ezine.com\/","display_url":"wp-ezine.com","indices":[0,22]}]},"description":{"urls":[{"url":"http:\/\/t.co\/frJXBMuRtB","expanded_url":"http:\/\/news-software.de\/impressum","display_url":"news-software.de\/impressum","indices":[74,96]}]}},"protected":false,"followers_count":3450,"friends_count":3739,"listed_count":55,"created_at":"Tue Sep 03 23:16:32 +0000 2013","favourites_count":4,"utc_offset":null,"time_zone":null,"geo_enabled":false,"verified":false,"statuses_count":7420,"lang":"de","contributors_enabled":false,"is_translator":false,"is_translation_enabled":false,"profile_background_color":"002F61","profile_background_image_url":"http:\/\/abs.twimg.com\/images\/themes\/theme1\/bg.png","profile_background_image_url_https":"https:\/\/abs.twimg.com\/images\/themes\/theme1\/bg.png","profile_background_tile":false,"profile_image_url":"http:\/\/pbs.twimg.com\/profile_images\/552521636570607616\/RanUE73B_normal.png","profile_image_url_https":"https:\/\/pbs.twimg.com\/profile_images\/552521636570607616\/RanUE73B_normal.png","profile_banner_url":"https:\/\/pbs.twimg.com\/profile_banners\/1726879866\/1420566671","profile_link_color":"004D99","profile_sidebar_border_color":"FFFFFF","profile_sidebar_fill_color":"DDEEF6","profile_text_color":"333333","profile_use_background_image":false,"default_profile":false,"default_profile_image":false,"following":false,"follow_request_sent":false,"notifications":false},"geo":null,"coordinates":null,"place":null,"contributors":null,"retweet_count":19,"favorite_count":2,"entities":{"hashtags":[{"text":"WordPress","indices":[28,38]},{"text":"Theme","indices":[39,45]}],"symbols":[],"user_mentions":[],"urls":[{"url":"http:\/\/t.co\/TkRnEHEVue","expanded_url":"http:\/\/goo.gl\/ZP9jBm","display_url":"goo.gl\/ZP9jBm","indices":[46,68]}]},"favorited":false,"retweeted":false,"possibly_sensitive":false,"lang":"en"},"retweet_count":19,"favorite_count":0,"entities":{"hashtags":[{"text":"WordPress","indices":[42,52]},{"text":"Theme","indices":[53,59]}],"symbols":[],"user_mentions":[{"screen_name":"WP_Ezine","name":"WP Ezine","id":1726879866,"id_str":"1726879866","indices":[3,12]}],"urls":[{"url":"http:\/\/t.co\/TkRnEHEVue","expanded_url":"http:\/\/goo.gl\/ZP9jBm","display_url":"goo.gl\/ZP9jBm","indices":[60,82]}]},"favorited":false,"retweeted":false,"possibly_sensitive":false,"lang":"en"},{"metadata":{"iso_language_code":"en","result_type":"recent"},"created_at":"Wed Jan 07 00:49:03 +0000 2015","id":552627942275432449,"id_str":"552627942275432449","text":"Langwitch: Multi Purpose  #WordPress #Theme #WP in 14 Languages http:\/\/t.co\/7vbiExzXcK","source":"\u003ca href=\"http:\/\/tweetadder.com\" rel=\"nofollow\"\u003eTweetAdder v4\u003c\/a\u003e","truncated":false,"in_reply_to_status_id":null,"in_reply_to_status_id_str":null,"in_reply_to_user_id":null,"in_reply_to_user_id_str":null,"in_reply_to_screen_name":null,"user":{"id":1566279950,"id_str":"1566279950","name":"Blogger Themes","screen_name":"Blogger_Themes_","location":"","profile_location":null,"description":"Get Themes for Blogger","url":null,"entities":{"description":{"urls":[]}},"protected":false,"followers_count":2567,"friends_count":2608,"listed_count":13,"created_at":"Wed Jul 03 17:23:09 +0000 2013","favourites_count":0,"utc_offset":null,"time_zone":null,"geo_enabled":false,"verified":false,"statuses_count":2084,"lang":"de","contributors_enabled":false,"is_translator":false,"is_translation_enabled":false,"profile_background_color":"FF4400","profile_background_image_url":"http:\/\/abs.twimg.com\/images\/themes\/theme1\/bg.png","profile_background_image_url_https":"https:\/\/abs.twimg.com\/images\/themes\/theme1\/bg.png","profile_background_tile":false,"profile_image_url":"http:\/\/pbs.twimg.com\/profile_images\/378800000083047161\/ac4aa64aeb5d9cadc8db4ab4ca4c37f3_normal.jpeg","profile_image_url_https":"https:\/\/pbs.twimg.com\/profile_images\/378800000083047161\/ac4aa64aeb5d9cadc8db4ab4ca4c37f3_normal.jpeg","profile_banner_url":"https:\/\/pbs.twimg.com\/profile_banners\/1566279950\/1372877138","profile_link_color":"9E5200","profile_sidebar_border_color":"FFFFFF","profile_sidebar_fill_color":"DDEEF6","profile_text_color":"333333","profile_use_background_image":false,"default_profile":false,"default_profile_image":false,"following":false,"follow_request_sent":false,"notifications":false},"geo":null,"coordinates":null,"place":null,"contributors":null,"retweet_count":0,"favorite_count":0,"entities":{"hashtags":[{"text":"WordPress","indices":[26,36]},{"text":"Theme","indices":[37,43]},{"text":"WP","indices":[44,47]}],"symbols":[],"user_mentions":[],"urls":[{"url":"http:\/\/t.co\/7vbiExzXcK","expanded_url":"http:\/\/goo.gl\/IW5ge7","display_url":"goo.gl\/IW5ge7","indices":[64,86]}]},"favorited":false,"retweeted":false,"possibly_sensitive":false,"lang":"en"},{"metadata":{"iso_language_code":"tl","result_type":"recent"},"created_at":"Wed Jan 07 00:47:35 +0000 2015","id":552627574619136002,"id_str":"552627574619136002","text":"Batekh - Multi-Purpose Landing Page (Corporate) http:\/\/t.co\/O4uwabBUNJ #WebDesign #Template","source":"\u003ca href=\"http:\/\/dlvr.it\" rel=\"nofollow\"\u003edlvr.it\u003c\/a\u003e","truncated":false,"in_reply_to_status_id":null,"in_reply_to_status_id_str":null,"in_reply_to_user_id":null,"in_reply_to_user_id_str":null,"in_reply_to_screen_name":null,"user":{"id":72838447,"id_str":"72838447","name":"PremiumThemeClub","screen_name":"ThemeClub","location":"USA","profile_location":null,"description":"Premium WordPress Theme Analyst","url":"http:\/\/t.co\/qn4LcCUDUF","entities":{"url":{"urls":[{"url":"http:\/\/t.co\/qn4LcCUDUF","expanded_url":"http:\/\/premiumthemeclub.com\/","display_url":"premiumthemeclub.com","indices":[0,22]}]},"description":{"urls":[]}},"protected":false,"followers_count":1356,"friends_count":1402,"listed_count":83,"created_at":"Wed Sep 09 12:18:49 +0000 2009","favourites_count":0,"utc_offset":0,"time_zone":"London","geo_enabled":false,"verified":false,"statuses_count":100078,"lang":"en","contributors_enabled":false,"is_translator":false,"is_translation_enabled":false,"profile_background_color":"131516","profile_background_image_url":"http:\/\/abs.twimg.com\/images\/themes\/theme14\/bg.gif","profile_background_image_url_https":"https:\/\/abs.twimg.com\/images\/themes\/theme14\/bg.gif","profile_background_tile":true,"profile_image_url":"http:\/\/pbs.twimg.com\/profile_images\/1048363697\/icon_normal_normal.jpg","profile_image_url_https":"https:\/\/pbs.twimg.com\/profile_images\/1048363697\/icon_normal_normal.jpg","profile_link_color":"009999","profile_sidebar_border_color":"EEEEEE","profile_sidebar_fill_color":"EFEFEF","profile_text_color":"333333","profile_use_background_image":true,"default_profile":false,"default_profile_image":false,"following":false,"follow_request_sent":false,"notifications":false},"geo":null,"coordinates":null,"place":null,"contributors":null,"retweet_count":0,"favorite_count":0,"entities":{"hashtags":[{"text":"WebDesign","indices":[71,81]},{"text":"Template","indices":[82,91]}],"symbols":[],"user_mentions":[],"urls":[{"url":"http:\/\/t.co\/O4uwabBUNJ","expanded_url":"http:\/\/bit.ly\/1HJ5qnY","display_url":"bit.ly\/1HJ5qnY","indices":[48,70]}]},"favorited":false,"retweeted":false,"possibly_sensitive":false,"lang":"tl"},{"metadata":{"iso_language_code":"tl","result_type":"recent"},"created_at":"Wed Jan 07 00:47:35 +0000 2015","id":552627573423763456,"id_str":"552627573423763456","text":"Batekh - Multi-Purpose Landing Page (Corporate) http:\/\/t.co\/03SdUtWw06 #WebDesign #Template","source":"\u003ca href=\"http:\/\/dlvr.it\" rel=\"nofollow\"\u003edlvr.it\u003c\/a\u003e","truncated":false,"in_reply_to_status_id":null,"in_reply_to_status_id_str":null,"in_reply_to_user_id":null,"in_reply_to_user_id_str":null,"in_reply_to_screen_name":null,"user":{"id":114254774,"id_str":"114254774","name":"WPCoupon","screen_name":"WPCouponer","location":"USA","profile_location":null,"description":"Premium WordPress Theme Dealer","url":null,"entities":{"description":{"urls":[]}},"protected":false,"followers_count":67,"friends_count":4,"listed_count":7,"created_at":"Sun Feb 14 18:38:29 +0000 2010","favourites_count":0,"utc_offset":-36000,"time_zone":"Hawaii","geo_enabled":false,"verified":false,"statuses_count":21430,"lang":"en","contributors_enabled":false,"is_translator":false,"is_translation_enabled":false,"profile_background_color":"131516","profile_background_image_url":"http:\/\/abs.twimg.com\/images\/themes\/theme14\/bg.gif","profile_background_image_url_https":"https:\/\/abs.twimg.com\/images\/themes\/theme14\/bg.gif","profile_background_tile":true,"profile_image_url":"http:\/\/pbs.twimg.com\/profile_images\/2728180498\/1c1676bd4e310f3e94de460f74b4da41_normal.png","profile_image_url_https":"https:\/\/pbs.twimg.com\/profile_images\/2728180498\/1c1676bd4e310f3e94de460f74b4da41_normal.png","profile_link_color":"009999","profile_sidebar_border_color":"EEEEEE","profile_sidebar_fill_color":"EFEFEF","profile_text_color":"333333","profile_use_background_image":true,"default_profile":false,"default_profile_image":false,"following":false,"follow_request_sent":false,"notifications":false},"geo":null,"coordinates":null,"place":null,"contributors":null,"retweet_count":0,"favorite_count":0,"entities":{"hashtags":[{"text":"WebDesign","indices":[71,81]},{"text":"Template","indices":[82,91]}],"symbols":[],"user_mentions":[],"urls":[{"url":"http:\/\/t.co\/03SdUtWw06","expanded_url":"http:\/\/j.mp\/1HJ5qnY","display_url":"j.mp\/1HJ5qnY","indices":[48,70]}]},"favorited":false,"retweeted":false,"possibly_sensitive":false,"lang":"tl"},{"metadata":{"iso_language_code":"tl","result_type":"recent"},"created_at":"Wed Jan 07 00:47:35 +0000 2015","id":552627572303876097,"id_str":"552627572303876097","text":"Batekh - Multi-Purpose Landing Page (Corporate) http:\/\/t.co\/V4OYRdlScX #WebDesign #Template","source":"\u003ca href=\"http:\/\/dlvr.it\" rel=\"nofollow\"\u003edlvr.it\u003c\/a\u003e","truncated":false,"in_reply_to_status_id":null,"in_reply_to_status_id_str":null,"in_reply_to_user_id":null,"in_reply_to_user_id_str":null,"in_reply_to_screen_name":null,"user":{"id":89392134,"id_str":"89392134","name":"WordPress Consultant","screen_name":"WPThemeInfo","location":"Chicago, IL USA","profile_location":null,"description":"Premium WordPress Theme Analyst, Mostly Tweets about design, WordPress Themes and Plugins","url":"http:\/\/t.co\/zPNrr9e8SA","entities":{"url":{"urls":[{"url":"http:\/\/t.co\/zPNrr9e8SA","expanded_url":"http:\/\/premiumthemeclub.com","display_url":"premiumthemeclub.com","indices":[0,22]}]},"description":{"urls":[]}},"protected":false,"followers_count":3599,"friends_count":3832,"listed_count":262,"created_at":"Thu Nov 12 06:49:39 +0000 2009","favourites_count":158,"utc_offset":-36000,"time_zone":"Hawaii","geo_enabled":true,"verified":false,"statuses_count":126960,"lang":"en","contributors_enabled":false,"is_translator":false,"is_translation_enabled":false,"profile_background_color":"0099B9","profile_background_image_url":"http:\/\/pbs.twimg.com\/profile_background_images\/437574601\/Twitter-BG-for-PremiumThemeClub.jpg","profile_background_image_url_https":"https:\/\/pbs.twimg.com\/profile_background_images\/437574601\/Twitter-BG-for-PremiumThemeClub.jpg","profile_background_tile":false,"profile_image_url":"http:\/\/pbs.twimg.com\/profile_images\/1392568814\/WPThemeInfo_normal.jpg","profile_image_url_https":"https:\/\/pbs.twimg.com\/profile_images\/1392568814\/WPThemeInfo_normal.jpg","profile_banner_url":"https:\/\/pbs.twimg.com\/profile_banners\/89392134\/1354194611","profile_link_color":"0099B9","profile_sidebar_border_color":"5ED4DC","profile_sidebar_fill_color":"95E8EC","profile_text_color":"3C3940","profile_use_background_image":true,"default_profile":false,"default_profile_image":false,"following":false,"follow_request_sent":false,"notifications":false},"geo":null,"coordinates":null,"place":null,"contributors":null,"retweet_count":0,"favorite_count":0,"entities":{"hashtags":[{"text":"WebDesign","indices":[71,81]},{"text":"Template","indices":[82,91]}],"symbols":[],"user_mentions":[],"urls":[{"url":"http:\/\/t.co\/V4OYRdlScX","expanded_url":"http:\/\/bit.ly\/1HJ5qnY","display_url":"bit.ly\/1HJ5qnY","indices":[48,70]}]},"favorited":false,"retweeted":false,"possibly_sensitive":false,"lang":"tl"},{"metadata":{"iso_language_code":"tl","result_type":"recent"},"created_at":"Wed Jan 07 00:47:35 +0000 2015","id":552627571687301121,"id_str":"552627571687301121","text":"Batekh - Multi-Purpose Landing Page (Corporate) http:\/\/t.co\/aJSKFfTr5g #WebDesign #Template","source":"\u003ca href=\"http:\/\/dlvr.it\" rel=\"nofollow\"\u003edlvr.it\u003c\/a\u003e","truncated":false,"in_reply_to_status_id":null,"in_reply_to_status_id_str":null,"in_reply_to_user_id":null,"in_reply_to_user_id_str":null,"in_reply_to_screen_name":null,"user":{"id":115339743,"id_str":"115339743","name":"WP Theme Dealer","screen_name":"ThemeDealer","location":"USA","profile_location":null,"description":"Best WordPress Theme Deals.","url":null,"entities":{"description":{"urls":[]}},"protected":false,"followers_count":126,"friends_count":52,"listed_count":17,"created_at":"Thu Feb 18 10:35:07 +0000 2010","favourites_count":0,"utc_offset":-36000,"time_zone":"Hawaii","geo_enabled":false,"verified":false,"statuses_count":25865,"lang":"en","contributors_enabled":false,"is_translator":false,"is_translation_enabled":false,"profile_background_color":"022330","profile_background_image_url":"http:\/\/abs.twimg.com\/images\/themes\/theme15\/bg.png","profile_background_image_url_https":"https:\/\/abs.twimg.com\/images\/themes\/theme15\/bg.png","profile_background_tile":false,"profile_image_url":"http:\/\/pbs.twimg.com\/profile_images\/1227165969\/icon_normal.jpg","profile_image_url_https":"https:\/\/pbs.twimg.com\/profile_images\/1227165969\/icon_normal.jpg","profile_link_color":"0084B4","profile_sidebar_border_color":"A8C7F7","profile_sidebar_fill_color":"C0DFEC","profile_text_color":"333333","profile_use_background_image":true,"default_profile":false,"default_profile_image":false,"following":false,"follow_request_sent":false,"notifications":false},"geo":null,"coordinates":null,"place":null,"contributors":null,"retweet_count":0,"favorite_count":0,"entities":{"hashtags":[{"text":"WebDesign","indices":[71,81]},{"text":"Template","indices":[82,91]}],"symbols":[],"user_mentions":[],"urls":[{"url":"http:\/\/t.co\/aJSKFfTr5g","expanded_url":"http:\/\/j.mp\/1HJ5qnY","display_url":"j.mp\/1HJ5qnY","indices":[48,70]}]},"favorited":false,"retweeted":false,"possibly_sensitive":false,"lang":"tl"}],"search_metadata":{"completed_in":0.022,"max_id":552629445610455040,"max_id_str":"552629445610455040","next_results":"?max_id=552627571687301120&q=themeforest&include_entities=1","query":"themeforest","refresh_url":"?since_id=552629445610455040&q=themeforest&include_entities=1","count":15,"since_id":0,"since_id_str":"0"}}